date,symbol,open,high,low,close,volume
2020-12-23,KMX,93.085,93.99,92.04,93.185,108327
2020-12-24,KMX,93.27,93.3,91.29,92.47,55232
2020-12-28,KMX,92.615,92.66,90.91,90.97,84104
2020-12-29,KMX,91.41,92.425,90.465,92.23,79199
2020-12-30,KMX,92.22,94.85,92.22,94.59,85271
2020-12-31,KMX,93.98,94.98,92.89,94.49,104515
2021-01-04,KMX,94.3,94.37,92.14,93.345,137585
2021-01-05,KMX,93.065,94.29,92.36,94.13,150457
2021-01-06,KMX,94.395,98.17,94.37,98.02,199127
2021-01-07,KMX,98.45,100.58,97.61,100.31,163103
2021-01-08,KMX,100.93,103.15,100.875,102.16,123942
2021-01-11,KMX,101.08,104.705,101.08,104.64,63628
2021-01-12,KMX,104.67,106.61,103.975,106.46,77215
2021-01-13,KMX,106.72,108.16,105.48,105.49,70402
2021-01-14,KMX,106.065,107.19,105.26,106.35,76991
2021-01-15,KMX,105.14,106.99,105.08,106.39,52844
2021-01-19,KMX,108.96,116.64,108.66,116.42,191608
2021-01-20,KMX,117.26,124.9,116.88,122.86,196546
2021-01-21,KMX,122.95,123.13,119.93,120.27,126275
2021-01-22,KMX,119.945,120.42,117.72,118.59,95367
2021-01-25,KMX,119.5,122.11,118.67,120.975,150776
2021-01-26,KMX,121.785,128.51,121.57,127.72,184760
2021-01-27,KMX,126.0,126.2,120.41,121.4,303563
2021-01-28,KMX,121.11,123.28,120.275,121.24,127773
2021-01-29,KMX,120.07,120.88,116.81,117.7,91140
2021-02-01,KMX,119.2,119.95,116.78,116.935,96546
2021-02-02,KMX,117.98,123.54,117.98,123.135,112460
2021-02-03,KMX,122.88,124.03,121.29,123.35,112098
2021-02-04,KMX,123.47,125.97,123.47,125.67,53440
2021-02-05,KMX,127.145,127.49,125.605,126.16,79111
2021-02-08,KMX,126.89,128.5,126.84,126.87,61562
2021-02-09,KMX,126.14,126.29,125.15,125.36,47767
2021-02-10,KMX,125.7,126.89,125.15,125.435,77491
2021-02-11,KMX,125.99,127.725,125.47,126.77,26177
2021-02-12,KMX,125.14,126.57,124.78,125.05,63632
2021-02-16,KMX,125.86,126.87,122.28,122.41,101233
2021-02-17,KMX,121.135,123.09,119.54,122.53,59148
2021-02-18,KMX,121.915,121.96,119.43,120.17,46932
2021-02-19,KMX,120.93,122.59,120.69,121.3,53838
2021-02-22,KMX,120.35,121.55,119.32,119.32,61250
2021-02-23,KMX,117.6,119.505,115.99,119.285,40077
2021-02-24,KMX,119.14,121.96,119.0,121.96,161276
2021-02-25,KMX,121.76,124.11,118.29,118.92,134082
2021-02-26,KMX,119.13,122.02,118.57,119.55,129289
2021-03-01,KMX,121.21,122.6,120.78,121.41,141011
2021-03-02,KMX,121.71,121.71,119.63,120.87,183413
2021-03-03,KMX,120.03,123.09,119.84,122.04,74687
2021-03-04,KMX,121.67,122.39,117.485,120.13,59389
2021-03-05,KMX,121.36,123.61,118.62,123.36,156119
2021-03-08,KMX,123.55,129.8,123.55,129.13,140385
2021-03-09,KMX,130.31,132.39,128.565,128.735,100197
2021-03-10,KMX,130.19,135.025,129.71,133.57,70477
2021-03-11,KMX,134.4,136.3,132.8,132.92,71272
2021-03-12,KMX,132.84,134.87,132.42,133.79,60972
2021-03-15,KMX,134.15,134.475,132.56,134.35,66423
2021-03-16,KMX,133.51,133.7,130.57,131.21,79737
2021-03-17,KMX,130.94,132.28,130.58,132.05,45276
2021-03-18,KMX,132.11,136.4,131.99,134.51,65022
2021-03-19,KMX,133.04,134.04,131.35,133.34,95238
2021-03-22,KMX,133.68,133.68,130.605,132.31,45745
2021-03-23,KMX,131.54,132.37,130.61,130.97,30818
2021-03-24,KMX,131.015,132.635,128.19,128.305,56712
2021-03-25,KMX,126.86,131.35,126.61,130.56,83043
2021-03-26,KMX,132.21,133.895,131.235,133.895,51152
2021-03-29,KMX,135.24,136.24,133.19,134.85,42429
2021-03-30,KMX,134.87,136.46,134.54,135.73,44858
2021-03-31,KMX,133.54,135.26,132.525,132.64,76865
2021-04-01,KMX,126.45,129.14,122.57,123.3,398778
2021-04-05,KMX,125.315,128.48,122.855,128.15,104429
2021-04-06,KMX,127.6,127.73,124.685,126.31,50668
2021-04-07,KMX,126.63,127.33,125.15,126.08,31448
2021-04-08,KMX,125.96,128.2,124.795,128.2,45994
2021-04-09,KMX,128.43,132.11,128.36,131.65,65083
2021-04-12,KMX,131.09,132.305,130.52,132.14,57128
2021-04-13,KMX,131.225,131.235,128.89,130.24,47071
2021-04-14,KMX,130.71,131.845,129.465,129.585,43282
2021-04-15,KMX,129.25,129.635,127.81,129.23,35088
2021-04-16,KMX,130.2,130.57,129.22,129.98,38379
2021-04-20,KMX,129.94,129.94,126.45,127.77,36371
2021-04-21,KMX,127.35,129.5,126.94,128.87,29572
2021-04-22,KMX,129.95,130.81,128.395,129.03,26845
2021-04-23,KMX,128.97,131.57,128.78,131.12,23170
2021-04-26,KMX,131.91,131.95,130.45,131.395,32739
2021-04-27,KMX,131.895,134.12,131.635,133.21,23493
2021-04-28,KMX,132.42,134.7,132.42,134.06,17410
2021-04-29,KMX,134.73,135.89,132.0,133.23,27029
2021-04-30,KMX,132.655,133.5,131.91,133.23,42353
2021-05-03,KMX,134.28,137.955,134.28,136.99,51407
2021-05-04,KMX,136.94,137.74,135.055,137.26,33316
2021-05-05,KMX,137.65,138.75,137.19,137.85,44751
2021-05-06,KMX,137.94,138.02,128.255,130.39,99056
2021-05-07,KMX,129.7,130.45,128.66,129.995,55350
2021-05-10,KMX,130.27,130.27,127.775,127.98,63392
2021-05-11,KMX,126.66,126.83,122.77,123.39,124929
2021-05-12,KMX,121.63,122.43,118.05,118.06,101218
2021-05-13,KMX,118.34,122.08,117.43,121.12,103995
2021-05-14,KMX,122.35,125.39,122.35,124.87,48292
2021-05-17,KMX,124.41,124.97,123.16,124.53,26446
2021-05-18,KMX,124.47,124.47,119.96,120.33,41995
2021-05-19,KMX,116.03,117.59,114.36,115.735,70110
2021-05-20,KMX,115.28,117.825,114.33,117.19,21729
2021-05-21,KMX,118.34,118.87,116.58,116.61,45305
2021-05-24,KMX,115.84,115.84,113.11,113.88,59988
2021-05-25,KMX,114.87,115.245,112.97,113.37,38934
2021-05-26,KMX,113.345,115.25,113.11,114.83,32416
2021-05-27,KMX,115.98,116.55,114.84,115.79,21044
2021-05-28,KMX,115.9,116.14,115.095,115.215,24325
2021-06-01,KMX,116.57,118.09,116.13,116.68,27531
2021-06-02,KMX,117.77,117.77,114.25,114.65,50458
2021-06-03,KMX,114.595,114.8,113.09,113.79,44503
2021-06-04,KMX,114.35,114.48,112.825,114.04,23843
2021-06-07,KMX,114.09,115.035,112.73,114.58,37016
2021-06-08,KMX,114.63,115.8,113.21,115.02,21845
2021-06-09,KMX,115.49,115.71,114.165,115.0,39999
2021-06-10,KMX,115.44,116.33,115.01,115.01,42823
2021-06-11,KMX,115.59,118.66,115.59,116.8,68316
2021-06-14,KMX,117.585,118.295,117.08,118.1,67939
2021-06-15,KMX,118.22,119.14,117.55,118.88,63554
2021-06-16,KMX,118.79,118.79,116.34,117.43,49493
2021-06-17,KMX,118.3,118.3,114.26,115.95,107081
2021-06-18,KMX,113.835,114.65,113.05,113.13,55068
2021-06-21,KMX,114.78,116.635,114.74,116.08,30720
2021-06-22,KMX,116.39,117.81,115.53,117.45,57725
2021-06-23,KMX,118.065,118.94,116.8,118.31,85640
2021-06-24,KMX,119.25,120.55,119.09,119.42,98521
2021-06-25,KMX,124.9,128.15,122.4,127.45,298547
2021-06-28,KMX,127.695,129.31,124.935,129.02,87525
2021-06-29,KMX,129.495,131.53,128.97,130.67,87273
2021-06-30,KMX,130.12,131.22,129.045,129.13,69469
2021-07-01,KMX,129.45,131.13,128.69,130.54,89292
2021-07-02,KMX,130.57,134.27,130.465,133.77,48009
2021-07-06,KMX,133.0,133.39,131.94,132.67,60253
2021-07-07,KMX,132.375,137.49,132.23,136.94,66804
2021-07-08,KMX,133.48,135.46,130.27,133.21,103699
2021-07-09,KMX,135.23,135.5,133.375,134.81,70015
2021-07-12,KMX,134.14,136.26,134.14,135.345,50573
2021-07-13,KMX,134.895,134.895,131.6,131.67,148055
2021-07-14,KMX,131.91,134.42,131.91,134.21,51226
2021-07-15,KMX,133.675,134.34,129.88,131.23,50519
2021-07-16,KMX,132.83,132.92,130.84,130.93,31362
2021-07-19,KMX,128.25,128.93,126.41,128.49,30533
2021-07-20,KMX,129.25,134.77,129.25,134.37,42076
2021-07-21,KMX,136.08,137.89,134.74,135.93,68174
2021-07-22,KMX,134.705,135.35,133.79,134.45,35393
2021-07-23,KMX,135.67,135.67,133.94,134.81,54640
2021-07-26,KMX,135.27,135.27,133.605,135.105,44682
2021-07-27,KMX,134.19,135.505,133.62,134.965,53295
2021-07-28,KMX,136.32,136.32,133.08,133.33,20992
2021-07-29,KMX,134.21,135.54,133.08,135.01,40015
2021-07-30,KMX,134.78,136.17,133.27,133.91,49184
2021-08-02,KMX,135.73,137.02,134.995,136.46,64638
2021-08-03,KMX,136.99,139.94,136.62,139.64,64555
2021-08-04,KMX,139.38,139.9,136.1,136.6,43386
2021-08-05,KMX,137.02,137.94,135.88,135.88,19243
2021-08-06,KMX,137.81,137.81,133.905,133.93,46145
2021-08-09,KMX,133.26,133.8,130.6,132.825,65951
2021-08-10,KMX,133.42,135.94,133.42,135.22,27134
2021-08-11,KMX,133.64,133.64,130.9,131.9,93438
2021-08-12,KMX,132.18,132.8,128.85,129.29,45560
2021-08-13,KMX,129.35,129.35,127.815,127.985,26374
2021-08-16,KMX,127.01,129.235,124.85,129.07,57104
2021-08-17,KMX,127.07,128.23,125.88,127.37,55174
2021-08-18,KMX,126.425,127.89,124.565,124.58,46060
2021-08-19,KMX,123.49,124.64,122.51,124.11,31861
2021-08-20,KMX,124.44,124.9,123.3,124.87,19259
2021-08-23,KMX,125.41,125.62,124.13,124.94,28455
2021-08-24,KMX,125.58,126.365,125.08,125.45,26295
2021-08-25,KMX,125.875,128.005,125.57,127.45,28701
2021-08-26,KMX,126.96,127.72,125.885,126.21,33814
2021-08-27,KMX,126.15,127.32,125.65,126.6,14249
2021-08-30,KMX,126.07,128.04,125.69,126.48,15039
2021-08-31,KMX,125.85,126.03,124.3,125.22,37447
2021-09-01,KMX,125.89,127.51,125.89,127.31,62522
2021-09-02,KMX,127.575,127.575,125.88,126.375,44565
2021-09-03,KMX,126.17,127.62,125.41,127.11,34515
2021-09-07,KMX,127.24,128.51,126.89,126.96,41911
2021-09-08,KMX,126.79,131.42,126.625,131.42,69489
2021-09-09,KMX,131.61,134.58,131.61,133.26,54376
2021-09-10,KMX,133.95,135.58,132.82,134.44,41310
2021-09-13,KMX,135.22,135.22,131.985,134.34,50108
2021-09-14,KMX,134.47,135.81,133.855,135.06,35607
2021-09-15,KMX,134.65,137.02,132.965,136.79,30350
2021-09-16,KMX,136.34,140.09,136.34,139.76,73037
2021-09-17,KMX,139.03,142.045,139.03,140.29,58606
2021-09-20,KMX,137.655,139.86,136.665,138.16,64730
2021-09-21,KMX,140.74,140.74,136.71,136.99,38197
2021-09-22,KMX,138.36,141.52,137.7,140.57,66658
2021-09-23,KMX,142.025,144.75,141.675,142.17,60502
2021-09-24,KMX,142.43,144.51,141.83,144.42,28879
2021-09-27,KMX,145.625,146.91,144.88,145.19,41927
2021-09-28,KMX,144.605,146.46,142.565,142.98,68240
2021-09-29,KMX,144.03,147.72,143.92,146.49,84062
2021-09-30,KMX,132.75,135.94,127.95,127.95,343997
2021-10-01,KMX,128.82,128.83,123.03,127.255,130824
2021-10-04,KMX,125.7,126.82,122.42,122.42,71340
2021-10-05,KMX,122.41,127.66,121.94,126.29,92295
2021-10-06,KMX,126.27,129.34,126.27,129.275,74214
2021-10-07,KMX,130.5,132.76,129.34,131.35,24393
2021-10-08,KMX,131.04,132.29,129.88,130.53,27983
2021-10-11,KMX,129.58,130.62,129.175,129.175,19934
2021-10-12,KMX,129.62,132.59,129.62,131.61,36242
2021-10-13,KMX,131.99,133.63,131.255,133.36,31146
2021-10-14,KMX,135.195,136.585,134.21,135.685,33968
2021-10-15,KMX,137.07,137.74,136.0,136.82,18620
2021-10-18,KMX,136.76,137.835,136.76,137.51,17959
2021-10-19,KMX,137.795,138.59,136.05,138.45,28897
2021-10-20,KMX,139.19,139.98,138.14,138.54,28943
2021-10-21,KMX,139.01,142.49,139.01,141.79,25794
2021-10-22,KMX,142.63,144.03,142.21,143.42,15681
2021-10-25,KMX,143.495,144.09,139.93,139.93,47776
2021-10-26,KMX,138.87,138.87,135.65,137.47,36233
2021-10-27,KMX,136.86,138.5,136.75,137.06,25423
2021-10-28,KMX,137.3,137.67,134.715,136.17,35439
2021-10-29,KMX,135.965,137.67,135.88,136.93,39616
2021-11-01,KMX,138.3,139.33,136.58,138.93,179601
2021-11-02,KMX,138.6,145.025,137.795,144.57,123100
2021-11-03,KMX,145.055,147.54,144.59,147.48,44089
2021-11-04,KMX,147.36,151.73,147.36,151.01,59760
2021-11-05,KMX,152.96,154.72,152.88,154.71,48054
2021-11-08,KMX,154.68,155.95,153.28,153.97,124766
2021-11-09,KMX,153.935,155.135,153.625,154.87,78345
2021-11-10,KMX,153.71,154.9,151.46,151.97,54961
2021-11-11,KMX,150.95,152.01,150.15,150.2,34245
2021-11-12,KMX,149.53,150.55,148.41,148.85,38923
2021-11-15,KMX,148.86,150.89,148.76,149.59,25530
2021-11-16,KMX,149.145,149.435,146.38,148.12,52891
2021-11-17,KMX,147.565,148.08,145.56,147.29,106387
2021-11-18,KMX,148.495,148.495,145.205,146.04,64306
2021-11-19,KMX,144.55,147.71,144.55,147.0,44698
2021-11-22,KMX,148.84,149.76,147.17,147.19,36706
2021-11-23,KMX,147.45,147.645,143.66,146.33,29105
2021-11-24,KMX,143.3,147.705,143.3,147.63,17065
2021-11-26,KMX,145.545,146.92,144.17,146.03,22556
2021-11-29,KMX,146.94,148.66,145.66,146.47,33660
2021-11-30,KMX,145.865,146.725,141.08,141.23,56283
2021-12-01,KMX,143.495,147.29,140.32,140.32,59077
2021-12-02,KMX,140.81,144.85,140.74,144.09,30886
2021-12-03,KMX,145.0,145.0,141.49,142.66,37108
2021-12-06,KMX,142.97,147.82,142.97,144.54,37658
2021-12-07,KMX,150.065,151.95,149.58,149.86,45384
2021-12-08,KMX,149.835,151.03,148.14,148.875,23463
2021-12-09,KMX,147.7,149.37,146.53,146.53,26681
2021-12-10,KMX,146.6,149.75,146.6,149.6,34097
2021-12-13,KMX,150.315,150.315,143.05,143.21,43058
2021-12-14,KMX,141.8,144.795,140.935,141.3,35006
2021-12-15,KMX,141.31,142.56,139.55,142.045,40619
2021-12-16,KMX,142.85,145.135,136.81,137.42,40338
2021-12-17,KMX,137.4,138.82,134.95,137.57,73553
2021-12-20,KMX,134.86,134.86,130.83,131.85,48101
2021-12-21,KMX,133.77,137.14,133.24,137.14,78707
2021-12-22,KMX,138.0,139.37,127.555,128.15,282719
2021-12-23,KMX,129.66,131.0,126.05,126.2,73316
2021-12-27,KMX,127.075,127.73,124.87,127.55,105906
2021-12-28,KMX,127.16,128.57,126.065,128.03,99513
2021-12-29,KMX,128.01,128.38,127.34,127.49,35210
2021-12-30,KMX,127.62,128.785,127.45,128.23,43238
2021-12-31,KMX,128.13,130.71,127.825,130.31,107707
2022-01-03,KMX,130.05,130.57,127.01,127.04,47409
2022-01-04,KMX,128.245,128.85,123.075,123.91,137611
2022-01-05,KMX,123.82,124.41,119.35,119.39,73373
2022-01-06,KMX,120.35,120.675,118.435,119.095,49773
2022-01-07,KMX,119.57,123.095,118.61,121.035,98593
2022-01-10,KMX,118.68,118.71,115.43,118.69,70302
2022-01-11,KMX,118.475,119.37,114.69,119.18,89220
2022-01-12,KMX,118.685,120.225,115.45,119.23,85521
2022-01-13,KMX,118.9,120.525,117.23,117.46,77513
2022-01-14,KMX,115.91,116.085,111.73,113.51,87110
2022-01-18,KMX,111.56,111.94,108.94,110.36,84527
2022-01-19,KMX,111.32,112.42,107.6,107.6,120270
2022-01-20,KMX,109.21,111.92,105.88,106.08,215885
2022-01-21,KMX,105.0,109.54,102.775,108.085,313056
2022-01-24,KMX,105.1,106.68,103.71,106.68,51627
2022-01-25,KMX,108.77,111.64,106.85,109.88,171754
2022-01-26,KMX,110.0,111.52,106.64,107.79,138885
2022-01-27,KMX,110.005,110.005,104.555,105.54,194841
2022-01-28,KMX,106.36,110.02,105.1,110.02,78514
2022-01-31,KMX,109.65,111.61,108.655,111.22,84421
2022-02-01,KMX,111.335,112.11,108.78,110.915,65459
2022-02-02,KMX,110.95,110.95,107.97,109.795,90348
2022-02-03,KMX,109.63,109.63,106.6,106.77,53019
2022-02-04,KMX,106.34,107.72,103.43,106.24,96857
2022-02-07,KMX,107.58,107.8,104.46,105.59,38319
2022-02-08,KMX,106.37,109.07,105.32,109.0,126470
2022-02-09,KMX,111.11,114.35,111.11,112.65,128576
2022-02-10,KMX,109.855,112.94,109.72,110.645,63377
2022-02-11,KMX,110.47,111.25,107.73,108.57,57810
2022-02-14,KMX,108.85,112.25,108.85,110.93,78761
2022-02-15,KMX,112.52,113.53,110.7,113.32,93171
2022-02-16,KMX,109.995,110.195,107.345,109.54,137622
2022-02-17,KMX,109.11,110.02,106.54,107.48,75676
2022-02-18,KMX,107.355,108.305,105.55,105.61,106942
2022-02-22,KMX,104.49,105.095,99.93,101.14,127396
2022-02-23,KMX,102.155,103.655,99.6,100.36,130899
2022-02-24,KMX,97.17,105.4,96.585,105.15,123058
2022-02-25,KMX,105.25,108.25,103.42,107.39,94189
2022-02-28,KMX,107.28,109.54,106.67,109.27,98486
2022-03-01,KMX,107.99,108.27,104.245,105.25,110853
2022-03-02,KMX,104.93,107.215,104.01,105.75,94340
2022-03-03,KMX,106.22,106.22,103.335,104.5,56556
2022-03-04,KMX,103.95,104.435,101.99,103.05,99419
2022-03-07,KMX,101.9,103.27,99.46,100.05,241762
2022-03-09,KMX,102.225,103.45,101.36,101.86,86530
2022-03-10,KMX,100.02,100.89,98.71,100.76,88489
2022-03-11,KMX,100.49,100.9,98.8,99.15,51338
2022-03-14,KMX,99.53,101.65,98.32,98.55,53024
2022-03-15,KMX,100.78,102.17,98.61,100.93,89739
2022-03-16,KMX,101.71,103.02,98.56,102.07,156949
2022-03-17,KMX,101.42,103.92,99.93,103.92,67500
2022-03-18,KMX,103.38,105.88,103.38,104.38,158865
2022-03-21,KMX,104.145,105.14,101.405,102.615,111673
2022-03-22,KMX,103.64,104.79,102.16,103.07,97575
2022-03-23,KMX,102.68,102.71,98.545,99.03,75496
2022-03-24,KMX,99.195,100.55,98.88,99.24,57763
2022-03-25,KMX,99.31,99.31,95.935,97.25,101455
2022-03-28,KMX,97.92,98.695,95.08,98.65,131558
2022-03-29,KMX,100.955,104.58,100.88,103.85,189047
2022-03-30,KMX,102.24,103.52,101.235,101.54,100479
2022-03-31,KMX,100.77,100.77,96.51,96.54,116658
2022-04-01,KMX,97.14,98.51,95.8,98.51,93901
2022-04-04,KMX,98.28,102.56,98.28,101.36,95500
2022-04-05,KMX,99.74,102.45,99.0,99.83,72949
2022-04-06,KMX,95.7,98.39,95.22,97.775,210477
2022-04-07,KMX,97.54,99.65,94.35,99.14,142613
2022-04-08,KMX,98.7,103.21,97.86,102.25,157696
2022-04-11,KMX,102.245,105.8,101.37,103.18,145721
2022-04-12,KMX,99.35,101.37,93.265,93.29,577861
2022-04-13,KMX,91.24,94.28,90.6,93.02,217422
2022-04-14,KMX,93.75,94.39,91.62,91.77,87315
2022-04-18,KMX,91.55,92.245,90.6,91.09,74912
2022-04-19,KMX,91.82,96.77,91.49,96.25,173141
2022-04-20,KMX,95.71,97.5,93.02,93.09,179325
2022-04-21,KMX,93.83,93.83,90.11,90.65,109510
2022-04-22,KMX,90.305,91.765,89.64,90.35,113544
2022-04-25,KMX,89.85,90.65,87.53,90.53,144260
2022-04-26,KMX,89.65,90.275,88.44,88.45,133449
2022-04-27,KMX,88.255,90.75,87.21,88.87,135305
2022-04-28,KMX,89.52,90.61,87.19,89.13,82973
2022-04-29,KMX,88.725,89.66,85.645,85.82,64369
2022-05-02,KMX,85.92,91.25,85.65,91.23,148924
2022-05-03,KMX,91.92,95.62,91.425,95.08,183549
2022-05-04,KMX,94.19,100.32,94.19,100.17,168156
2022-05-05,KMX,98.455,98.525,90.825,92.42,162358
2022-05-06,KMX,92.03,96.15,90.59,94.66,230601
2022-05-09,KMX,92.475,95.98,92.21,92.79,157015
2022-05-10,KMX,94.035,96.185,89.28,92.21,129215
2022-05-11,KMX,92.025,93.775,89.53,89.8,124792
2022-05-12,KMX,88.98,93.81,88.89,91.185,210577
2022-05-13,KMX,93.17,95.45,91.29,91.62,116555
2022-05-16,KMX,91.94,93.85,90.1,92.65,185259
2022-05-17,KMX,94.845,97.51,94.845,97.51,101409
2022-05-18,KMX,95.02,95.08,88.17,89.795,165929
2022-05-19,KMX,89.55,92.13,88.05,90.79,186826
2022-05-20,KMX,91.75,93.52,89.24,92.49,85218
2022-05-23,KMX,93.11,93.21,89.53,90.88,82049
2022-05-24,KMX,89.755,91.13,88.93,90.83,111826
2022-05-25,KMX,89.47,96.3,89.47,95.93,86673
2022-05-26,KMX,97.73,99.72,97.54,99.24,86268
2022-05-27,KMX,99.18,100.3,97.8,100.3,65172
2022-05-31,KMX,99.16,99.85,96.86,99.28,76247
2022-06-01,KMX,100.04,100.36,97.72,98.41,111881
2022-06-02,KMX,98.98,99.59,98.325,99.18,73323
2022-06-03,KMX,97.57,98.18,94.98,96.33,52232
2022-06-06,KMX,96.76,98.125,96.03,97.52,37115
2022-06-07,KMX,94.51,98.57,93.94,98.18,62529
2022-06-08,KMX,99.29,102.94,98.85,102.35,120644
2022-06-09,KMX,101.825,103.205,99.95,99.965,60641
2022-06-10,KMX,98.27,98.72,95.32,96.09,54662
2022-06-13,KMX,93.26,93.26,88.1,88.8,96478
2022-06-14,KMX,89.335,91.66,89.165,89.83,61282
2022-06-15,KMX,90.9,93.38,90.26,91.54,71198
2022-06-16,KMX,88.99,89.15,84.4,85.81,148968
2022-06-17,KMX,85.26,88.57,85.23,87.0,125985
2022-06-21,KMX,88.625,89.565,87.5,87.58,71341
2022-06-22,KMX,86.7,90.04,86.7,89.78,87040
2022-06-23,KMX,91.1,91.99,88.695,91.8,126335
2022-06-24,KMX,91.2,99.15,90.93,98.44,332724
2022-06-27,KMX,99.58,100.7,96.55,98.61,135076
2022-06-28,KMX,98.95,99.475,94.36,94.39,136233
2022-06-29,KMX,94.155,94.155,91.74,93.57,62042
2022-06-30,KMX,92.18,92.18,87.62,90.56,140500
2022-07-01,KMX,90.65,93.89,90.38,92.7,123263
2022-07-05,KMX,90.765,95.86,90.225,95.83,97783
2022-07-06,KMX,96.13,96.13,92.36,92.985,65775
2022-07-07,KMX,93.5,95.415,92.84,94.895,64407
2022-07-08,KMX,93.98,94.85,92.535,92.67,50452
2022-07-11,KMX,92.26,92.615,88.72,88.81,42805
2022-07-12,KMX,89.91,92.18,89.91,91.25,56478
2022-07-13,KMX,89.85,91.35,88.85,90.63,39659
2022-07-14,KMX,88.95,89.33,86.6,89.115,62717
2022-07-15,KMX,90.33,92.58,89.825,91.565,54510
2022-07-18,KMX,92.74,94.64,92.46,92.84,39782
2022-07-19,KMX,94.16,96.24,93.42,96.22,48952
2022-07-20,KMX,96.2,96.755,94.445,96.62,75958
2022-07-21,KMX,96.25,96.25,93.98,96.04,77443
2022-07-22,KMX,96.79,98.49,93.71,94.31,41844
2022-07-25,KMX,93.94,95.53,93.07,94.63,70010
2022-07-26,KMX,92.84,93.505,91.4,92.2,38171
2022-07-27,KMX,92.6,94.91,91.86,94.38,96524
2022-07-28,KMX,94.77,98.25,93.615,97.92,100103
2022-07-29,KMX,98.1,100.005,97.82,99.57,45532
2022-08-01,KMX,99.025,102.52,98.82,101.96,106274
2022-08-02,KMX,100.64,100.905,98.71,99.0,78653
2022-08-03,KMX,100.495,100.82,98.52,99.85,67375
2022-08-04,KMX,99.92,101.845,99.185,99.45,44331
2022-08-05,KMX,98.8,100.65,98.665,99.235,36755
2022-08-08,KMX,99.93,102.03,99.68,99.79,47729
2022-08-09,KMX,98.98,98.98,95.87,96.945,44901
2022-08-10,KMX,100.49,101.165,99.28,99.96,49433
2022-08-11,KMX,101.855,103.23,101.46,101.59,54062
2022-08-12,KMX,102.13,102.13,100.635,101.56,42569
2022-08-15,KMX,101.715,102.2,100.49,101.44,30041
2022-08-16,KMX,101.38,106.24,101.38,104.21,69636
2022-08-17,KMX,102.53,102.765,99.0,99.99,83297
2022-08-18,KMX,98.935,99.76,97.96,98.75,49684
2022-08-19,KMX,97.93,98.07,95.58,96.26,72808
2022-08-22,KMX,94.23,94.23,89.7,89.86,77347
2022-08-23,KMX,90.345,91.275,89.08,90.36,57932
2022-08-24,KMX,90.51,92.015,90.41,90.92,56733
2022-08-25,KMX,91.7,93.27,90.9,93.27,37729
2022-08-26,KMX,94.06,94.38,89.68,90.04,41273
2022-08-29,KMX,88.71,90.99,88.645,90.685,48941
2022-08-30,KMX,91.85,91.95,89.425,90.22,66584
2022-08-31,KMX,90.21,90.42,88.355,88.43,58794
2022-09-01,KMX,87.57,89.19,86.95,89.19,58291
2022-09-02,KMX,90.46,90.5,87.07,87.52,56483
2022-09-06,KMX,87.4,87.4,84.42,85.2,110978
2022-09-07,KMX,86.17,88.68,85.14,88.5,55880
2022-09-08,KMX,86.845,88.92,86.69,88.89,44933
2022-09-09,KMX,86.5,91.42,86.5,90.99,104088
2022-09-12,KMX,92.44,93.34,90.73,91.07,53820
2022-09-13,KMX,88.01,88.205,85.16,85.57,65012
2022-09-14,KMX,86.51,86.51,83.36,85.42,40631
2022-09-15,KMX,85.875,86.85,84.52,84.99,45827
2022-09-16,KMX,83.79,85.5,83.2,84.78,87896
2022-09-19,KMX,84.13,86.255,83.74,86.16,45533
2022-09-20,KMX,85.08,85.08,80.66,82.21,82736
2022-09-21,KMX,82.92,84.4,81.01,81.05,65614
2022-09-22,KMX,80.765,81.48,79.59,79.77,81143
2022-09-23,KMX,78.7,79.56,76.04,79.56,123220
2022-09-26,KMX,80.58,81.37,79.11,79.97,99446
2022-09-27,KMX,81.32,82.36,79.95,81.14,78264
2022-09-28,KMX,82.41,86.77,82.215,86.22,164060
2022-09-29,KMX,73.89,75.83,64.565,65.23,585821
2022-09-30,KMX,64.98,67.66,63.64,65.99,218990
2022-10-03,KMX,64.46,69.21,64.46,67.695,101268
2022-10-04,KMX,69.39,69.69,67.24,68.46,84266
2022-10-05,KMX,67.335,67.57,64.84,66.73,135843
2022-10-06,KMX,67.12,67.79,64.5,65.36,92249
2022-10-07,KMX,64.22,64.425,61.71,62.36,133503
2022-10-10,KMX,62.66,64.98,61.92,63.58,111980
2022-10-11,KMX,63.765,64.64,61.985,63.03,141649
2022-10-12,KMX,62.66,63.22,61.73,62.09,104392
2022-10-13,KMX,60.55,63.39,59.28,62.37,86629
2022-10-14,KMX,63.565,63.565,60.11,60.165,97725
2022-10-17,KMX,62.08,62.95,61.0,62.05,108179
2022-10-18,KMX,64.85,64.85,59.8,60.73,261583
2022-10-19,KMX,59.74,59.98,56.55,57.53,317650
2022-10-20,KMX,57.63,58.85,56.44,56.48,197805
2022-10-21,KMX,56.5,56.71,55.04,55.74,113809
2022-10-24,KMX,55.69,58.465,54.85,58.27,254280
2022-10-25,KMX,59.06,62.13,59.06,61.87,125882
2022-10-26,KMX,61.755,62.89,61.29,61.55,71523
2022-10-27,KMX,61.965,64.085,61.8,62.04,156666
2022-10-28,KMX,61.51,63.82,61.35,63.77,106896
2022-10-31,KMX,63.295,63.84,62.52,63.0,66189
2022-11-01,KMX,64.545,64.83,62.115,64.31,284014
2022-11-02,KMX,63.405,65.88,62.33,62.35,180202
2022-11-03,KMX,61.405,64.345,61.405,63.35,209580
2022-11-04,KMX,64.5,64.71,61.2,62.77,514044
2022-11-07,KMX,63.465,65.075,61.36,64.62,345374
2022-11-08,KMX,65.225,65.415,63.43,64.74,146856
2022-11-09,KMX,64.335,65.005,62.68,64.69,337123
2022-11-10,KMX,68.765,71.73,67.08,70.63,180739
2022-11-11,KMX,70.93,75.91,70.385,74.57,132812
2022-11-14,KMX,74.0,74.91,71.9,73.97,130656
2022-11-15,KMX,76.315,76.58,72.0,72.67,169582
2022-11-16,KMX,69.76,70.15,67.68,68.36,385916
2022-11-17,KMX,67.01,67.25,64.66,67.25,106049
2022-11-18,KMX,67.55,67.55,65.41,66.58,137467
2022-11-21,KMX,66.865,67.12,65.53,66.21,98344
2022-11-22,KMX,66.395,67.3,65.85,67.14,90019
2022-11-23,KMX,67.0,67.12,65.975,66.56,37815
2022-11-25,KMX,66.545,67.765,66.455,66.78,30361
2022-11-28,KMX,66.255,66.57,65.345,65.605,207855
2022-11-29,KMX,66.42,68.75,66.305,67.07,121805
2022-11-30,KMX,66.6,69.38,65.525,69.38,126962
2022-12-01,KMX,70.34,70.57,68.56,69.13,63952
2022-12-02,KMX,67.79,69.755,67.27,69.48,98033
2022-12-05,KMX,69.235,69.235,66.89,67.38,90185
2022-12-06,KMX,67.22,67.22,64.13,65.65,114467
2022-12-07,KMX,64.915,66.27,64.185,65.12,105115
2022-12-08,KMX,64.24,65.68,64.205,65.47,97371
2022-12-09,KMX,64.49,66.825,64.45,65.71,61558
2022-12-12,KMX,65.675,66.135,65.02,65.84,122930
2022-12-13,KMX,68.41,69.32,65.69,67.215,124098
2022-12-14,KMX,67.0,68.08,65.4,67.84,139771
2022-12-15,KMX,66.42,66.475,64.46,65.42,140975
2022-12-16,KMX,64.375,64.81,60.66,61.46,383198
2022-12-19,KMX,61.14,61.85,57.65,58.05,256806
2022-12-20,KMX,57.16,58.55,56.31,57.76,268963
2022-12-21,KMX,58.59,60.0,57.59,59.44,272512
2022-12-22,KMX,52.31,57.275,52.19,57.19,1023835
2022-12-23,KMX,56.595,60.48,56.3,60.13,322286
2022-12-27,KMX,59.76,61.105,58.265,60.425,200309
2022-12-28,KMX,60.345,60.99,58.78,59.245,139314
2022-12-29,KMX,59.7,61.88,59.64,61.235,89091
2022-12-30,KMX,60.7,61.12,59.64,60.89,83470
2023-01-03,KMX,62.185,63.17,59.7,60.63,87618
2023-01-04,KMX,62.175,65.13,61.82,65.12,174806
2023-01-05,KMX,64.095,64.1,62.84,63.36,163937
2023-01-06,KMX,63.825,65.81,62.66,65.78,158468
2023-01-09,KMX,66.21,68.06,66.11,67.065,158151
2023-01-10,KMX,67.53,67.61,66.27,67.41,122308
2023-01-11,KMX,66.14,68.58,66.14,67.41,241378
2023-01-12,KMX,68.09,68.15,65.53,66.91,215206
2023-01-13,KMX,65.31,66.65,64.865,65.005,187274
2023-01-17,KMX,64.325,70.95,63.455,67.45,394276
2023-01-18,KMX,67.575,68.72,63.35,63.41,165707
2023-01-19,KMX,62.26,62.99,60.94,62.195,169144
2023-01-20,KMX,62.62,66.09,62.33,66.07,110518
2023-01-23,KMX,66.55,67.9,65.96,67.31,84788
2023-01-24,KMX,66.96,68.01,66.51,66.75,81552
2023-01-25,KMX,65.3,66.535,64.92,66.29,105741
2023-01-26,KMX,67.085,67.47,65.135,66.24,95846
2023-01-27,KMX,66.4,69.595,66.4,69.11,102239
2023-01-30,KMX,68.675,71.585,67.9,69.04,125033
2023-01-31,KMX,69.18,70.46,68.515,70.43,131036
2023-02-01,KMX,70.36,76.325,70.265,75.81,224909
2023-02-02,KMX,78.04,80.91,77.875,79.39,288424
2023-02-03,KMX,77.64,79.95,77.625,78.19,94347
2023-02-06,KMX,77.14,77.985,76.25,77.89,72271
2023-02-07,KMX,76.7,77.08,75.13,76.16,103143
2023-02-08,KMX,76.01,77.41,75.46,76.23,78089
2023-02-09,KMX,77.085,77.42,73.755,74.46,119669
2023-02-10,KMX,73.655,74.73,73.28,73.57,78602
2023-02-13,KMX,73.32,75.25,73.32,75.06,66723
2023-02-14,KMX,74.235,76.4,73.74,75.95,101264
2023-02-15,KMX,74.5,75.69,72.59,75.57,87194
2023-02-16,KMX,73.64,75.3,73.19,74.33,77191
2023-02-17,KMX,74.465,74.95,71.97,72.94,103358
2023-02-21,KMX,71.46,71.94,67.615,68.59,157463
2023-02-22,KMX,69.15,70.095,68.11,69.49,64967
2023-02-23,KMX,70.1,70.1,67.58,69.13,48703
2023-02-24,KMX,67.29,68.48,66.95,67.84,84852
2023-02-27,KMX,68.77,69.14,66.935,67.13,51357
2023-02-28,KMX,67.67,70.0,67.67,69.04,111412
2023-03-01,KMX,68.48,69.26,67.86,68.74,111773
2023-03-02,KMX,67.535,68.37,67.12,67.85,70574
2023-03-03,KMX,68.175,70.415,68.175,70.35,82489
2023-03-06,KMX,70.8,70.885,68.51,68.79,64546
2023-03-07,KMX,68.64,70.11,68.55,68.77,62243
2023-03-08,KMX,69.07,71.08,68.79,70.48,59460
2023-03-09,KMX,70.335,71.06,66.29,66.37,114168
2023-03-10,KMX,65.04,65.66,62.83,63.73,227949
2023-03-13,KMX,61.97,62.73,59.32,61.25,355202
2023-03-14,KMX,62.775,62.93,59.56,60.335,175010
2023-03-15,KMX,58.605,59.41,57.76,59.125,199883
2023-03-16,KMX,58.245,59.105,57.19,58.49,181439
2023-03-17,KMX,58.0,58.205,55.985,56.23,227640
2023-03-20,KMX,56.66,58.29,56.27,56.765,119018
2023-03-21,KMX,58.47,60.59,58.23,59.14,120838
2023-03-22,KMX,60.025,60.315,57.44,57.44,73800
2023-03-23,KMX,58.1,58.26,55.78,56.72,101946
2023-03-24,KMX,56.235,58.0,56.03,57.775,167723
2023-03-27,KMX,58.66,58.97,57.57,58.25,164818
2023-03-28,KMX,58.18,59.37,58.055,58.3,60517
2023-03-29,KMX,58.58,59.7,58.22,59.54,63403
2023-03-30,KMX,61.155,61.89,60.83,61.1,91604
2023-03-31,KMX,61.8,64.41,61.24,64.3,134723
2023-04-03,KMX,64.71,65.17,63.97,64.58,88670
2023-04-04,KMX,64.95,64.95,62.87,63.5,97725
2023-04-05,KMX,62.75,62.83,61.17,62.44,92305
2023-04-06,KMX,62.17,64.58,61.97,64.335,89439
2023-04-10,KMX,63.705,66.11,63.705,65.865,178946
2023-04-11,KMX,69.645,73.495,69.12,72.175,498364
2023-04-12,KMX,72.47,72.47,67.31,68.585,193096
2023-04-13,KMX,69.64,70.25,67.14,68.98,137774
2023-04-14,KMX,69.55,71.45,68.5,69.455,115447
2023-04-17,KMX,68.995,69.71,68.48,69.595,66427
2023-04-18,KMX,69.6,69.92,68.76,69.07,53350
2023-04-19,KMX,67.795,68.33,67.22,68.11,73544
2023-04-20,KMX,67.375,68.005,66.42,67.45,76747
2023-04-21,KMX,67.53,69.26,66.75,69.16,110501
2023-04-24,KMX,68.81,69.37,68.5,68.91,43530
2023-04-25,KMX,68.28,68.645,67.37,67.37,66769
2023-04-26,KMX,68.46,69.44,67.74,67.9,104684
2023-04-27,KMX,68.44,70.43,67.895,70.43,71672
2023-04-28,KMX,70.15,70.72,69.625,70.05,56521
2023-05-01,KMX,69.66,70.89,69.66,70.49,38457
2023-05-02,KMX,70.04,71.91,69.545,71.35,100593
2023-05-03,KMX,71.31,72.85,70.62,70.65,75146
2023-05-04,KMX,70.235,70.235,67.16,68.095,87602
2023-05-05,KMX,69.185,71.25,69.0,70.59,95807
2023-05-08,KMX,71.215,73.0,70.52,72.76,78869
2023-05-09,KMX,71.84,72.94,71.42,72.56,89102
2023-05-10,KMX,73.81,74.05,72.18,73.43,78027
2023-05-11,KMX,73.15,73.3,71.135,72.29,49919
2023-05-12,KMX,72.29,72.4,70.3,71.15,39499
2023-05-15,KMX,70.995,71.94,70.295,71.7,63218
2023-05-16,KMX,70.56,70.56,69.0,69.04,47270
2023-05-17,KMX,69.46,72.41,69.3,71.965,67997
2023-05-18,KMX,71.375,73.25,71.24,73.135,43111
2023-05-19,KMX,72.755,72.78,70.805,71.75,55120
2023-05-22,KMX,71.96,72.41,71.41,72.21,34054
2023-05-23,KMX,71.6,73.82,71.58,71.99,104440
2023-05-24,KMX,71.53,71.74,69.13,70.17,48523
2023-05-25,KMX,70.03,71.44,70.03,71.015,28416
2023-05-26,KMX,71.32,72.8,70.86,72.51,31856
2023-05-30,KMX,73.415,74.31,72.825,73.98,52005
2023-05-31,KMX,72.15,72.92,70.67,72.215,60935
2023-06-01,KMX,71.98,72.57,71.405,71.77,71940
2023-06-02,KMX,72.81,74.825,72.52,74.71,93901
2023-06-05,KMX,74.41,75.65,73.6,75.275,51575
2023-06-06,KMX,75.33,79.36,75.33,79.09,158703
2023-06-07,KMX,79.87,81.13,78.82,79.12,69299
2023-06-08,KMX,79.87,80.45,78.75,79.9,62884
2023-06-09,KMX,80.25,80.67,78.34,78.84,51888
2023-06-12,KMX,78.41,79.98,77.72,79.56,45771
2023-06-13,KMX,80.335,81.21,80.18,80.64,65081
2023-06-14,KMX,80.49,81.73,79.15,79.66,61491
2023-06-15,KMX,78.91,81.06,78.91,80.825,51365
2023-06-16,KMX,81.07,81.07,79.29,79.64,52234
2023-06-20,KMX,79.475,80.11,78.37,78.59,64861
2023-06-21,KMX,78.375,79.06,77.46,78.3,91824
2023-06-22,KMX,77.74,78.62,77.065,78.34,100561
2023-06-23,KMX,84.21,87.04,84.0,86.34,271142
2023-06-26,KMX,86.11,86.11,81.0,81.25,187284
2023-06-27,KMX,81.72,82.69,80.63,82.4,101440
2023-06-28,KMX,82.16,85.07,82.16,84.39,120896
2023-06-29,KMX,84.25,85.07,83.905,84.405,82520
2023-06-30,KMX,85.39,85.39,83.355,83.66,67161
2023-07-03,KMX,83.64,83.64,82.02,82.11,25371
2023-07-05,KMX,82.1,82.71,81.58,82.27,61091
2023-07-06,KMX,81.66,81.66,80.43,81.01,60475
2023-07-07,KMX,81.01,82.33,81.01,81.39,41181
2023-07-10,KMX,81.405,83.26,81.405,82.66,66819
2023-07-11,KMX,83.865,85.41,83.34,84.31,59215
2023-07-12,KMX,85.18,85.4,83.87,84.2,60026
2023-07-13,KMX,83.87,84.61,83.26,83.41,41975
2023-07-14,KMX,84.3,84.74,83.08,83.33,27202
2023-07-17,KMX,83.535,84.37,83.0,83.705,43123
2023-07-18,KMX,83.52,86.53,83.52,85.77,75618
2023-07-19,KMX,86.825,87.41,85.06,85.15,42482
2023-07-20,KMX,85.32,85.37,83.51,84.975,87907
2023-07-21,KMX,85.38,85.38,81.54,83.29,98452
2023-07-24,KMX,83.505,84.22,82.73,83.785,70923
2023-07-25,KMX,83.19,83.83,81.34,81.8,54651
2023-07-26,KMX,81.69,83.32,81.35,83.01,49749
2023-07-27,KMX,83.475,84.08,81.935,82.06,39360
2023-07-28,KMX,83.005,83.17,81.77,82.51,34139
2023-07-31,KMX,82.5,82.72,81.73,82.61,60545
2023-08-01,KMX,82.095,84.14,81.99,84.08,23691
2023-08-02,KMX,83.0,83.39,82.51,83.295,38761
2023-08-03,KMX,83.34,83.595,81.95,82.61,26093
2023-08-04,KMX,82.995,84.37,82.795,83.31,39047
2023-08-07,KMX,83.83,84.8,82.76,84.77,42042
2023-08-08,KMX,83.23,86.03,83.06,85.85,41019
2023-08-09,KMX,85.77,86.56,84.66,84.83,46638
2023-08-10,KMX,84.77,85.27,82.76,83.18,95222
2023-08-11,KMX,82.725,85.47,82.02,85.18,54209
2023-08-14,KMX,84.7,85.415,83.71,85.41,22252
2023-08-15,KMX,85.105,85.34,84.69,85.26,32784
2023-08-16,KMX,84.81,85.76,84.75,84.82,52372
2023-08-17,KMX,85.615,85.615,81.69,81.715,24132
2023-08-18,KMX,80.085,82.55,78.88,82.535,59805
2023-08-21,KMX,82.51,82.51,79.35,80.965,70213
2023-08-22,KMX,80.675,80.675,78.725,79.16,65333
2023-08-23,KMX,78.99,79.47,78.02,79.21,41096
2023-08-24,KMX,78.69,78.915,77.52,78.335,43602
2023-08-25,KMX,78.745,79.385,77.56,78.4,42446
2023-08-28,KMX,78.875,80.24,78.875,79.95,45519
2023-08-29,KMX,79.915,81.67,79.865,81.475,34075
2023-08-30,KMX,81.48,83.98,81.355,82.21,71247
2023-08-31,KMX,82.56,82.56,81.345,81.71,31616
2023-09-01,KMX,82.495,83.675,82.495,83.57,49853
2023-09-05,KMX,82.745,83.49,81.935,82.37,53650
2023-09-06,KMX,82.275,82.53,80.98,81.57,25552
2023-09-07,KMX,81.075,81.77,80.75,81.58,26846
2023-09-08,KMX,81.395,82.245,80.97,81.16,41997
2023-09-11,KMX,82.165,82.71,80.85,81.14,40529
2023-09-12,KMX,80.48,82.12,80.48,81.55,18860
2023-09-13,KMX,81.615,81.67,80.45,80.53,17476
2023-09-14,KMX,81.2,83.9,81.04,83.88,74949
2023-09-15,KMX,84.08,84.455,82.51,83.265,41532
2023-09-18,KMX,83.0,83.57,82.0,82.41,46590
2023-09-19,KMX,81.98,82.05,80.32,82.04,61324
2023-09-20,KMX,82.34,83.22,81.34,81.41,43369
2023-09-21,KMX,80.77,81.03,78.87,78.88,80926
2023-09-22,KMX,79.285,79.31,76.44,76.67,92284
2023-09-25,KMX,79.0,79.04,77.525,77.71,141407
2023-09-26,KMX,76.98,78.7,76.98,78.255,79890
2023-09-27,KMX,78.79,80.08,78.025,79.69,139296
2023-09-28,KMX,70.19,73.22,68.93,69.22,639185
2023-09-29,KMX,69.39,72.31,68.88,70.725,138286
2023-10-02,KMX,70.52,71.4,69.52,69.705,112317
2023-10-03,KMX,69.42,69.83,68.71,68.97,85057
2023-10-04,KMX,68.98,69.21,67.97,68.19,102836
2023-10-05,KMX,67.92,67.99,65.0,66.09,97972
2023-10-06,KMX,66.02,67.13,64.44,66.2,99711
2023-10-09,KMX,65.425,67.705,65.25,67.695,66728
2023-10-10,KMX,67.99,70.385,67.99,70.04,100612
2023-10-11,KMX,70.545,70.545,68.055,69.09,138508
2023-10-12,KMX,68.575,68.795,67.14,68.355,94030
2023-10-13,KMX,68.28,68.95,67.5,68.235,54081
2023-10-16,KMX,68.72,68.73,67.5,68.28,76543
2023-10-17,KMX,68.0,69.09,67.92,68.48,47626
2023-10-18,KMX,67.06,67.06,64.85,64.88,208589
2023-10-19,KMX,64.8,65.2,63.21,63.385,108500
2023-10-20,KMX,63.82,64.055,62.8,62.84,78084
2023-10-23,KMX,62.18,63.67,61.74,61.88,36323
2023-10-24,KMX,62.535,62.84,61.86,62.01,51970
2023-10-25,KMX,61.54,61.54,59.755,60.505,93654
2023-10-26,KMX,60.495,60.98,59.895,60.4,62407
2023-10-27,KMX,60.83,61.61,59.92,60.53,69821
2023-10-30,KMX,61.0,61.24,59.7,60.66,69187
2023-10-31,KMX,61.225,61.78,60.87,61.09,33647
2023-11-01,KMX,61.11,61.52,59.78,61.46,51789
2023-11-02,KMX,62.635,63.9,62.54,63.65,47791
2023-11-03,KMX,65.14,67.5,65.06,66.95,152824
2023-11-06,KMX,66.07,66.07,64.995,66.06,42987
2023-11-07,KMX,65.14,65.155,63.46,64.34,109265
2023-11-08,KMX,64.15,64.42,63.55,64.08,64385
2023-11-09,KMX,64.13,64.5,62.34,62.54,50391
2023-11-10,KMX,63.39,63.41,61.76,63.34,47103
2023-11-13,KMX,62.895,63.87,62.71,63.59,44929
2023-11-14,KMX,65.535,68.63,65.535,68.24,94687
2023-11-15,KMX,68.36,68.965,67.67,67.94,102492
2023-11-16,KMX,67.08,67.14,62.77,64.12,152377
2023-11-17,KMX,65.02,65.59,63.31,63.96,93017
2023-11-20,KMX,63.895,65.54,63.32,65.05,44353
2023-11-21,KMX,64.205,64.5,63.5,64.22,58851
2023-11-22,KMX,64.48,64.88,63.34,63.85,77930
2023-11-24,KMX,63.985,64.33,63.45,64.19,34518
2023-11-27,KMX,63.56,64.435,63.335,63.89,66265
2023-11-28,KMX,63.76,63.89,62.99,63.68,41123
2023-11-29,KMX,63.68,65.02,63.0,63.17,132903
2023-11-30,KMX,63.78,64.36,62.945,63.93,63868
2023-12-01,KMX,63.51,67.49,63.35,67.37,92408
2023-12-04,KMX,67.205,68.73,67.165,68.26,62488
2023-12-05,KMX,66.15,66.67,64.8,65.32,132952
2023-12-06,KMX,66.245,67.85,65.54,65.94,54631
2023-12-07,KMX,66.28,67.04,65.9,66.9,49734
2023-12-08,KMX,66.95,67.96,66.86,67.19,74894
2023-12-11,KMX,67.26,67.995,66.455,67.0,37166
2023-12-12,KMX,66.45,66.54,65.39,65.94,40420
2023-12-13,KMX,66.285,71.45,66.02,71.05,107719
2023-12-14,KMX,72.87,76.26,72.87,74.97,128136
2023-12-15,KMX,75.55,75.98,74.3,74.7,110405
2023-12-18,KMX,75.08,75.99,74.24,75.36,69983
2023-12-19,KMX,75.2,77.39,75.2,76.65,94221
2023-12-20,KMX,76.03,77.135,74.62,74.7,155503
2023-12-21,KMX,82.64,82.705,77.255,78.53,324222
2023-12-22,KMX,78.3,78.565,76.11,76.5,93901
2023-12-26,KMX,75.74,76.38,74.48,76.16,54729
2023-12-27,KMX,76.655,78.28,76.525,78.0,58299
2023-12-28,KMX,77.485,77.98,76.85,77.83,32190
2023-12-29,KMX,76.72,77.435,76.5,76.79,52623
2024-01-02,KMX,76.43,77.595,75.46,76.2,64967
2024-01-03,KMX,74.185,74.21,72.225,72.53,73405
2024-01-04,KMX,71.98,72.855,71.52,71.82,48474
2024-01-05,KMX,71.64,73.98,71.64,73.03,44912
2024-01-08,KMX,73.04,73.84,72.26,72.99,58562
2024-01-09,KMX,71.64,72.76,71.64,72.55,59726
2024-01-10,KMX,71.97,72.875,71.39,72.56,55109
2024-01-11,KMX,72.265,72.345,70.65,71.9,72186
2024-01-12,KMX,72.49,72.49,69.16,69.6,156417
2024-01-16,KMX,68.41,69.93,68.3,69.645,116321
2024-01-17,KMX,68.265,69.24,66.865,67.82,130631
2024-01-18,KMX,68.24,68.9,67.935,68.56,84493
2024-01-19,KMX,68.435,70.14,67.21,69.14,69472
2024-01-22,KMX,70.05,71.0,69.635,70.15,42156
2024-01-23,KMX,70.86,71.52,68.71,69.19,65510
2024-01-24,KMX,70.19,70.19,67.25,67.41,90980
2024-01-25,KMX,68.55,69.19,67.53,69.09,84137
2024-01-26,KMX,69.415,70.59,69.415,70.1,75882
2024-01-29,KMX,69.975,73.06,69.685,72.93,71963
2024-01-30,KMX,72.655,73.74,72.28,72.79,76981
2024-01-31,KMX,72.245,73.87,71.045,71.16,103526
2024-02-01,KMX,71.685,72.82,70.41,72.79,147323
2024-02-02,KMX,71.43,73.97,70.275,72.74,97454
2024-02-05,KMX,71.435,71.58,69.95,71.0,37569
2024-02-06,KMX,70.9,72.28,70.77,71.855,50770
2024-02-07,KMX,72.95,73.12,71.89,72.27,61830
2024-02-08,KMX,72.1,73.39,71.905,73.3,38094
2024-02-09,KMX,73.48,74.81,72.95,74.795,44129
2024-02-12,KMX,75.39,77.46,75.39,76.94,64636
2024-02-13,KMX,73.905,73.98,72.0,72.57,121354
2024-02-14,KMX,72.54,73.25,71.96,72.8,60475
2024-02-15,KMX,73.555,74.64,73.365,74.325,53169
2024-02-16,KMX,72.395,73.11,71.535,71.895,69842
2024-02-20,KMX,71.04,71.04,70.17,70.66,46738
2024-02-21,KMX,69.98,71.09,69.82,70.63,27718
2024-02-22,KMX,72.77,73.12,71.45,72.86,85641
2024-02-23,KMX,73.4,74.76,73.23,73.31,54059
2024-02-26,KMX,73.265,75.09,73.265,73.98,52496
2024-02-27,KMX,74.725,76.96,74.725,76.66,32395
2024-02-28,KMX,75.99,76.78,75.96,76.645,50041
2024-02-29,KMX,77.53,79.14,77.53,79.035,92497
2024-03-01,KMX,78.9,79.55,77.22,79.315,49550
2024-03-04,KMX,79.0,80.25,78.76,79.58,36055
2024-03-05,KMX,78.76,80.61,78.76,80.14,94450
2024-03-06,KMX,81.55,81.55,79.915,80.54,114307
2024-03-07,KMX,81.085,81.51,79.99,80.67,42104
2024-03-08,KMX,81.88,83.06,81.09,81.81,49411
2024-03-11,KMX,81.235,81.855,80.43,81.1,38723
2024-03-12,KMX,81.0,82.57,80.865,82.0,62726
2024-03-13,KMX,82.35,83.36,82.23,83.215,26653
2024-03-14,KMX,82.795,82.85,80.175,80.91,116680
2024-03-15,KMX,80.54,81.775,80.165,80.74,68536
2024-03-18,KMX,80.95,80.95,79.635,79.85,33640
2024-03-19,KMX,79.93,81.24,79.5,80.83,37772
2024-03-20,KMX,82.38,83.645,81.65,83.03,71175
2024-03-21,KMX,84.695,86.98,84.605,86.46,79465
2024-03-22,KMX,86.21,86.37,85.3,85.57,34933
2024-03-25,KMX,86.12,86.49,85.34,85.76,38192
2024-03-26,KMX,86.13,87.18,85.69,85.77,52148
2024-03-27,KMX,86.255,87.21,85.77,87.0,49813
2024-03-28,KMX,87.73,88.13,87.02,87.095,73662
2024-04-01,KMX,86.575,86.59,85.09,85.98,73856
2024-04-02,KMX,85.21,85.275,83.75,83.78,121693
2024-04-03,KMX,83.495,84.16,83.23,83.61,50310
2024-04-04,KMX,84.01,84.01,80.29,80.71,118898
2024-04-05,KMX,80.3,81.8,80.19,81.49,120354
2024-04-08,KMX,82.585,83.78,82.585,82.86,100363
2024-04-09,KMX,83.17,83.975,82.825,83.39,71419
2024-04-10,KMX,80.43,80.79,78.93,79.15,114859
2024-04-11,KMX,73.24,74.39,68.54,71.96,514918
2024-04-12,KMX,70.87,72.335,70.525,71.405,161315
2024-04-15,KMX,70.835,71.92,69.035,69.47,119436
2024-04-16,KMX,69.51,70.12,68.965,69.825,103991
2024-04-17,KMX,70.19,70.19,68.53,68.535,111679
2024-04-18,KMX,68.96,69.63,67.74,67.93,120168
2024-04-19,KMX,68.265,68.75,67.87,68.32,61712
2024-04-22,KMX,68.585,68.585,67.435,67.87,83068
2024-04-23,KMX,68.18,69.965,68.18,69.68,74884
2024-04-24,KMX,69.59,70.74,69.15,70.29,189536
2024-04-25,KMX,69.035,69.54,67.755,69.2,163868
2024-04-26,KMX,69.36,70.18,69.195,69.54,126687
2024-04-29,KMX,70.36,70.62,69.2,69.34,114732
2024-04-30,KMX,68.325,68.9,67.59,67.96,118915
2024-05-01,KMX,67.895,69.125,67.055,67.22,118834
2024-05-02,KMX,68.67,68.67,65.83,68.03,269819
2024-05-03,KMX,69.935,70.25,68.65,68.72,123794
2024-05-06,KMX,69.84,70.32,69.25,69.59,102687
2024-05-07,KMX,70.02,70.86,69.22,69.25,165578
2024-05-08,KMX,68.245,70.58,68.235,70.345,138072
2024-05-09,KMX,70.525,71.59,70.525,71.01,100316
2024-05-10,KMX,71.4,71.81,70.86,71.75,114583
2024-05-13,KMX,72.42,76.675,72.42,74.91,125300
2024-05-14,KMX,76.16,77.73,75.18,75.765,116688
2024-05-15,KMX,76.54,76.645,74.17,74.35,65788
2024-05-16,KMX,74.335,74.335,72.9,72.97,58312
2024-05-17,KMX,72.43,73.17,71.815,72.83,106008
2024-05-20,KMX,73.07,73.25,72.19,72.56,44665
2024-05-21,KMX,72.525,72.67,71.495,71.965,92971
2024-05-22,KMX,71.7,71.9,69.53,69.78,96098
2024-05-23,KMX,69.93,69.93,68.43,68.945,56904
2024-05-24,KMX,68.97,69.89,68.97,69.885,32695
2024-05-28,KMX,70.065,70.41,68.97,69.19,74774
2024-05-29,KMX,68.38,68.38,66.895,67.44,69506
2024-05-30,KMX,68.14,69.89,68.025,69.66,67897
2024-05-31,KMX,69.9,70.725,69.36,70.29,69038
2024-06-03,KMX,71.48,71.48,70.02,70.53,60835
2024-06-04,KMX,70.39,71.08,69.79,71.01,69183
2024-06-05,KMX,71.3,72.355,70.4,72.3,67005
2024-06-06,KMX,70.65,71.72,69.9,70.005,64406
2024-06-07,KMX,69.195,69.61,68.82,69.16,103620
2024-06-10,KMX,68.75,69.38,68.4,68.42,84821
2024-06-11,KMX,68.12,69.525,67.66,68.89,63713
2024-06-12,KMX,70.765,72.995,70.1,70.12,110715
2024-06-13,KMX,69.73,70.855,69.125,70.36,70408
2024-06-14,KMX,69.4,69.93,68.07,69.93,78700
2024-06-17,KMX,69.88,71.76,69.41,71.69,65499
2024-06-18,KMX,70.695,72.035,70.695,71.49,49159
2024-06-20,KMX,71.25,72.02,70.53,71.34,232474
2024-06-21,KMX,74.45,74.725,70.7,71.615,196964
2024-06-24,KMX,71.2,73.77,70.98,73.16,114320
2024-06-25,KMX,72.85,73.52,71.25,71.825,101940
2024-06-26,KMX,71.275,72.81,71.275,72.78,51161
2024-06-27,KMX,72.705,73.47,72.42,73.32,60536
2024-06-28,KMX,73.865,74.55,72.88,73.25,56254
2024-07-01,KMX,73.565,73.8,71.18,71.18,74927
2024-07-02,KMX,71.255,73.3,71.19,73.3,63838
2024-07-03,KMX,73.53,74.6,72.8,72.88,49955
2024-07-05,KMX,72.39,72.52,71.48,71.61,52287
2024-07-08,KMX,72.38,73.34,72.26,73.01,64316
2024-07-09,KMX,72.37,72.915,72.16,72.25,62061
2024-07-10,KMX,73.09,77.33,73.09,76.925,303711
2024-07-11,KMX,78.41,80.02,78.41,79.805,86597
2024-07-12,KMX,78.62,81.68,78.48,80.92,82280
2024-07-15,KMX,80.635,82.745,80.635,82.05,44267
2024-07-16,KMX,82.78,84.19,82.18,84.03,88116
2024-07-17,KMX,83.125,83.735,82.685,82.905,35147
2024-07-18,KMX,83.055,84.255,81.51,81.815,56549
2024-07-19,KMX,81.47,82.47,79.76,80.02,71058
2024-07-22,KMX,80.42,80.86,79.0,80.79,72022
2024-07-23,KMX,80.16,80.59,79.375,80.41,37529
2024-07-24,KMX,79.95,82.065,79.91,79.91,71397
2024-07-25,KMX,79.74,82.85,79.62,81.55,41366
2024-07-26,KMX,82.515,83.43,82.12,82.94,30165
2024-07-29,KMX,82.94,83.68,82.45,83.24,29353
2024-07-30,KMX,83.61,84.405,82.72,84.32,40910
2024-07-31,KMX,84.635,86.21,83.855,84.43,85092
2024-08-01,KMX,85.445,85.445,80.22,81.49,73196
2024-08-02,KMX,79.305,79.305,77.825,78.38,68234
2024-08-05,KMX,74.815,76.77,73.3,74.73,161162
2024-08-06,KMX,74.37,76.75,74.27,75.425,70894
2024-08-07,KMX,76.305,76.52,73.63,73.72,103502
2024-08-08,KMX,74.69,76.05,74.565,75.86,40900
2024-08-09,KMX,75.485,75.79,74.49,75.74,48752
2024-08-12,KMX,75.63,75.63,73.51,73.535,39745
2024-08-13,KMX,73.91,76.985,73.91,76.78,46366
2024-08-14,KMX,77.075,78.66,77.055,77.47,51749
2024-08-15,KMX,79.255,80.39,78.68,79.83,46345
2024-08-16,KMX,79.27,80.87,79.27,79.86,29230
2024-08-19,KMX,80.39,81.17,79.41,80.33,39418
2024-08-20,KMX,80.09,80.41,79.38,79.79,19981
2024-08-21,KMX,80.59,82.485,80.59,82.48,58868
2024-08-22,KMX,82.12,82.415,81.79,82.13,19974
2024-08-23,KMX,82.795,85.94,82.66,85.84,62366
2024-08-26,KMX,86.33,86.72,85.0,85.07,43072
2024-08-27,KMX,83.86,84.795,83.28,84.42,37626
2024-08-28,KMX,84.095,85.29,83.75,84.77,33529
2024-08-29,KMX,85.0,85.88,84.02,85.25,44385
2024-08-30,KMX,85.72,85.72,83.63,84.58,23487
2024-09-03,KMX,83.8,84.13,82.47,83.02,34848
2024-09-04,KMX,82.76,83.035,81.84,81.85,50319
2024-09-05,KMX,82.16,82.16,80.59,80.9,61427
2024-09-06,KMX,81.21,81.565,79.35,79.41,36315
2024-09-09,KMX,80.23,81.425,80.16,80.59,43886
2024-09-10,KMX,79.62,79.75,75.18,77.74,153155
2024-09-11,KMX,76.715,76.715,73.855,75.3,84466
2024-09-12,KMX,76.0,76.835,74.76,76.28,47016
2024-09-13,KMX,77.6,78.855,77.6,78.8,54809
2024-09-16,KMX,79.76,80.52,78.36,78.98,41367
2024-09-17,KMX,79.575,80.48,78.95,79.44,88077
2024-09-18,KMX,79.13,79.89,77.12,77.14,124187
2024-09-19,KMX,79.185,79.185,77.03,77.38,96900
2024-09-20,KMX,76.575,77.69,75.64,76.075,140433
2024-09-23,KMX,76.27,77.06,75.825,76.45,67318
2024-09-24,KMX,76.535,76.54,75.78,76.52,155318
2024-09-25,KMX,76.42,76.42,74.38,74.52,208454
2024-09-26,KMX,73.57,79.645,73.155,78.27,336577
2024-09-27,KMX,78.94,79.105,76.39,77.31,115066
2024-09-30,KMX,77.075,77.73,76.45,77.35,69985
2024-10-01,KMX,76.995,78.6,75.89,78.18,113193
2024-10-02,KMX,77.13,77.245,75.25,75.43,72106
2024-10-03,KMX,74.595,74.77,73.72,74.2,63960
2024-10-04,KMX,75.465,75.58,72.58,73.1,105325
2024-10-07,KMX,72.84,73.105,71.095,72.25,160536
2024-10-08,KMX,72.36,73.13,71.19,72.16,117370
2024-10-09,KMX,71.89,71.89,71.0,71.14,164232
2024-10-10,KMX,70.795,71.64,69.975,71.13,93043
2024-10-11,KMX,71.275,72.35,71.275,72.12,74684
2024-10-14,KMX,71.93,73.16,71.32,73.055,67154
2024-10-15,KMX,73.62,75.65,73.57,73.69,89347
2024-10-16,KMX,74.46,75.47,74.46,74.81,83800
2024-10-17,KMX,74.565,75.275,74.36,75.12,68037
2024-10-18,KMX,74.87,74.87,74.14,74.7,79406
2024-10-21,KMX,74.33,74.37,71.82,71.92,81907
2024-10-22,KMX,71.38,71.95,70.935,71.46,74029
2024-10-23,KMX,71.385,73.27,71.38,71.95,118108
2024-10-24,KMX,72.37,72.915,72.17,72.58,70644
2024-10-25,KMX,72.735,72.735,71.945,72.01,61445
2024-10-28,KMX,73.425,74.34,73.34,74.3,79038
2024-10-29,KMX,73.39,74.02,73.08,73.7,55147
2024-10-30,KMX,74.195,75.7,73.92,74.07,79825
2024-10-31,KMX,74.06,74.32,72.35,72.41,108373
2024-11-01,KMX,72.78,74.24,72.06,72.31,92036
2024-11-04,KMX,72.47,74.01,72.15,73.07,69244
2024-11-05,KMX,72.35,73.99,72.13,73.89,87268
2024-11-06,KMX,76.835,78.1,76.665,76.895,218366
2024-11-07,KMX,77.21,77.38,75.46,76.42,128074
2024-11-08,KMX,76.25,76.44,75.205,75.55,79808
2024-11-11,KMX,75.905,77.35,75.845,76.83,87294
2024-11-12,KMX,76.63,77.205,76.445,76.68,144553
2024-11-13,KMX,77.17,78.77,77.17,77.87,131005
2024-11-14,KMX,78.51,79.58,77.93,78.22,113673
2024-11-15,KMX,78.025,78.345,77.18,78.05,96406
2024-11-18,KMX,77.8,78.81,77.06,77.09,102173
2024-11-19,KMX,75.465,75.765,74.365,75.31,130185
2024-11-20,KMX,74.665,76.715,74.665,76.65,102147
2024-11-21,KMX,77.575,81.315,77.575,80.675,240660
2024-11-22,KMX,81.12,81.855,80.49,81.55,151500
2024-11-25,KMX,82.705,86.49,82.705,85.12,222080
2024-11-26,KMX,83.515,85.24,83.51,85.1,99250
2024-11-27,KMX,85.575,86.2,84.025,84.53,93375
2024-11-29,KMX,84.75,85.17,83.96,84.05,51634
2024-12-02,KMX,83.75,84.155,83.02,83.18,83202
2024-12-03,KMX,83.495,84.65,83.34,84.19,121084
2024-12-04,KMX,84.345,84.45,83.365,83.63,96891
2024-12-05,KMX,84.44,85.47,84.22,84.575,103480
2024-12-06,KMX,85.7,86.475,85.425,86.23,81414
2024-12-09,KMX,87.0,87.92,86.595,87.23,75630
2024-12-10,KMX,87.15,87.34,85.34,86.08,96959
2024-12-11,KMX,86.93,87.84,86.675,86.99,98864
2024-12-12,KMX,86.78,87.555,86.7,86.76,72150
2024-12-13,KMX,86.42,86.79,85.55,86.225,47034
2024-12-16,KMX,86.57,86.6,85.07,85.935,153607
2024-12-17,KMX,85.56,85.56,83.12,83.12,188997
2024-12-18,KMX,84.08,84.64,81.22,81.38,305446
2024-12-19,KMX,90.25,90.25,82.99,84.16,285214
2024-12-20,KMX,84.24,85.03,82.165,84.29,166320
2024-12-23,KMX,84.045,84.05,82.735,82.83,11774
2024-12-24,KMX,83.84,85.19,83.84,84.835,81292
2024-12-26,KMX,83.945,85.5,83.945,85.19,62253
2024-12-27,KMX,84.56,85.19,83.35,83.75,70842
2024-12-30,KMX,83.06,83.1,82.045,82.045,62982
2024-12-31,KMX,82.315,82.385,81.45,81.72,79819
2025-01-02,KMX,82.12,82.87,81.155,81.21,91450
2025-01-03,KMX,80.645,80.86,79.54,80.08,147280
2025-01-06,KMX,80.33,81.24,79.625,79.8,106031
2025-01-07,KMX,79.8,80.13,78.57,79.14,77304
2025-01-08,KMX,78.75,82.12,78.75,81.91,156717
2025-01-10,KMX,80.455,80.46,78.35,78.35,84509
2025-01-13,KMX,77.58,78.57,77.37,78.495,91556
2025-01-14,KMX,79.205,79.765,78.68,79.57,69588
2025-01-15,KMX,81.64,81.79,80.12,80.3,88990
2025-01-16,KMX,80.025,80.24,79.19,79.63,79025
2025-01-17,KMX,80.075,80.075,78.7,79.0,68344
2025-01-21,KMX,79.29,80.2,78.66,79.485,91912
2025-01-22,KMX,79.5,79.535,78.08,78.27,54895
2025-01-23,KMX,78.9,82.005,78.89,81.975,131423
2025-01-24,KMX,82.195,82.93,82.17,82.66,45849
2025-01-27,KMX,83.105,85.04,83.01,84.55,92358
2025-01-28,KMX,84.35,85.375,83.675,85.27,89032
2025-01-29,KMX,85.13,86.21,85.085,85.67,83348
2025-01-30,KMX,87.1,88.69,86.735,87.59,158247
2025-01-31,KMX,87.185,87.435,85.495,85.62,131355
2025-02-03,KMX,84.275,85.13,83.25,84.2,83826
2025-02-04,KMX,83.65,84.51,82.995,84.185,70761
2025-02-05,KMX,84.33,84.565,83.155,83.9,107500
2025-02-06,KMX,85.745,86.57,85.225,86.535,68126
2025-02-07,KMX,85.97,86.495,84.83,85.24,46750
2025-02-10,KMX,85.965,85.965,84.415,85.455,62401
2025-02-11,KMX,84.31,86.86,84.31,86.75,74647
2025-02-12,KMX,84.85,86.66,84.26,86.44,110278
2025-02-13,KMX,87.24,88.15,87.045,87.63,82938
2025-02-14,KMX,88.325,89.24,88.3,88.93,64129
2025-02-18,KMX,88.7,89.4,88.37,89.235,73793
2025-02-19,KMX,88.34,88.34,86.09,87.445,100856
2025-02-20,KMX,87.35,87.605,84.93,85.65,110262
2025-02-21,KMX,86.2,86.2,82.575,82.62,75991
2025-02-24,KMX,82.61,83.635,81.925,82.805,53661
2025-02-25,KMX,83.46,83.495,82.68,82.96,57552
2025-02-26,KMX,82.76,84.075,82.425,82.55,87592
2025-02-27,KMX,81.935,82.94,81.535,81.89,75969
2025-02-28,KMX,82.02,83.16,81.86,82.905,58648
2025-03-03,KMX,83.615,84.325,81.13,81.47,77602
2025-03-04,KMX,79.61,82.285,79.02,81.18,119308
2025-03-05,KMX,80.835,80.855,77.87,79.09,220643
2025-03-06,KMX,77.435,79.09,77.435,77.465,104564
2025-03-07,KMX,76.95,77.26,73.975,76.745,97791
2025-03-10,KMX,75.685,75.71,73.815,73.95,174226
2025-03-11,KMX,73.615,74.025,70.89,72.76,158401
2025-03-12,KMX,73.47,74.085,71.985,72.57,96462
2025-03-13,KMX,72.25,72.77,68.475,69.29,148710
2025-03-14,KMX,69.93,70.445,69.37,69.895,106151
2025-03-17,KMX,69.935,72.35,69.935,71.895,129476
2025-03-18,KMX,71.23,71.48,69.64,70.35,75487
2025-03-19,KMX,71.06,71.615,67.235,70.79,211755
2025-03-20,KMX,70.1,72.29,69.825,71.69,98206
2025-03-21,KMX,70.48,71.94,70.01,71.33,102012
2025-03-24,KMX,72.205,73.76,72.205,73.51,88387
2025-03-25,KMX,73.785,74.48,73.18,74.25,78319
2025-03-26,KMX,75.45,76.41,74.92,75.015,103640
2025-03-27,KMX,74.74,77.75,73.755,76.96,241836
2025-03-28,KMX,75.965,76.575,74.8,75.97,102174
2025-03-31,KMX,75.18,78.38,74.695,77.93,98675
2025-04-01,KMX,77.66,78.94,77.21,78.8,150314
2025-04-02,KMX,78.38,82.76,78.38,82.76,195458
2025-04-03,KMX,79.7,79.7,76.17,76.43,259198
2025-04-04,KMX,74.01,77.21,72.21,75.75,193874
2025-04-07,KMX,72.59,77.1,71.435,73.78,204943
2025-04-08,KMX,74.935,77.95,71.99,73.3,179618
2025-04-09,KMX,72.235,81.72,72.235,80.04,257443
2025-04-10,KMX,70.31,71.21,63.23,66.49,1202309
2025-04-11,KMX,66.36,68.88,66.275,68.385,226847
2025-04-14,KMX,69.69,69.99,67.065,67.5,186211
2025-04-15,KMX,67.51,68.13,66.81,67.715,127842
2025-04-16,KMX,66.805,67.035,63.39,64.095,144716
2025-04-17,KMX,64.275,64.77,63.73,64.57,83354
2025-04-21,KMX,63.95,63.95,61.7,62.32,73278
2025-04-22,KMX,63.55,65.68,63.52,65.02,136372
2025-04-23,KMX,67.25,68.485,65.7,65.87,107168
2025-04-24,KMX,65.09,66.31,64.97,65.67,102782
2025-04-25,KMX,65.3,65.445,64.66,65.05,99692
2025-04-28,KMX,65.97,66.77,64.34,65.08,130877
2025-04-29,KMX,64.675,65.25,64.4,64.83,113587
2025-04-30,KMX,63.2,64.73,62.31,64.65,124529
2025-05-01,KMX,65.325,66.93,65.25,65.47,162333
2025-05-02,KMX,66.335,67.09,65.77,66.66,74075
2025-05-05,KMX,66.41,67.29,66.25,66.3,97654
2025-05-06,KMX,65.505,66.61,65.2,66.38,75855
2025-05-07,KMX,67.145,67.19,65.2,65.87,118003
2025-05-08,KMX,66.075,67.78,65.43,66.51,144552
2025-05-09,KMX,66.97,67.045,65.7,66.11,95820
2025-05-12,KMX,69.335,70.26,68.28,69.05,210604
2025-05-13,KMX,69.53,70.315,69.145,69.605,125677
2025-05-14,KMX,68.815,68.99,67.59,67.82,138282
2025-05-15,KMX,67.285,67.88,66.665,67.84,90778
2025-05-16,KMX,67.79,67.79,67.01,67.23,107620
2025-05-19,KMX,66.305,68.42,65.905,67.98,127421
2025-05-20,KMX,67.7,67.76,66.6,66.79,112562
2025-05-21,KMX,66.19,66.19,63.295,63.315,136229
2025-05-22,KMX,63.375,63.375,62.18,63.21,87578
2025-05-23,KMX,62.11,62.645,61.49,62.25,109462
2025-05-27,KMX,62.88,63.595,62.08,62.97,90792
2025-05-28,KMX,63.2,64.02,62.75,62.96,99636
2025-05-29,KMX,62.985,63.22,62.29,62.995,54082
2025-05-30,KMX,62.42,64.915,62.075,64.44,172128
2025-06-02,KMX,63.83,64.16,62.105,64.16,114213
2025-06-03,KMX,64.26,66.62,63.525,66.26,121910
2025-06-04,KMX,66.1,66.45,65.72,65.91,89688
2025-06-05,KMX,65.94,66.24,65.135,65.43,77691
2025-06-06,KMX,66.15,66.42,65.045,65.69,71184
2025-06-09,KMX,66.395,67.23,66.12,67.155,76346
2025-06-10,KMX,67.9,68.89,67.79,68.46,99899
2025-06-11,KMX,68.41,68.41,67.72,67.81,123083
2025-06-12,KMX,66.805,66.96,65.82,66.1,143806
2025-06-13,KMX,64.86,66.395,64.64,64.92,197751
2025-06-16,KMX,65.91,66.3,65.055,65.87,97744
2025-06-17,KMX,65.495,65.625,64.215,64.43,150718
2025-06-18,KMX,64.48,65.01,63.93,64.34,196178
2025-06-20,KMX,70.25,70.25,65.595,68.58,336914
2025-06-23,KMX,67.875,67.875,64.46,67.2,211170
2025-06-24,KMX,67.485,69.72,67.35,69.25,250820
2025-06-25,KMX,68.565,69.46,67.47,67.49,193649
2025-06-26,KMX,67.655,68.26,66.47,66.69,79030
2025-06-27,KMX,67.4,67.7,66.17,66.56,169353
2025-06-30,KMX,66.47,67.56,66.15,67.23,79126
2025-07-01,KMX,67.81,70.845,67.375,70.28,215855
2025-07-02,KMX,70.54,71.98,70.455,71.56,123718
2025-07-03,KMX,71.57,71.82,70.55,70.69,46311
2025-07-07,KMX,69.98,69.98,68.21,68.8,156879
2025-07-08,KMX,68.9,68.98,68.115,68.385,205609
2025-07-09,KMX,68.535,68.535,66.95,67.29,127197
2025-07-10,KMX,67.28,67.51,66.37,66.96,419479
2025-07-11,KMX,66.05,66.07,64.25,64.37,121155
2025-07-14,KMX,64.415,66.135,64.415,65.18,97362
2025-07-15,KMX,65.76,65.79,62.58,63.0,138674
2025-07-16,KMX,63.415,63.67,61.69,62.34,120284
2025-07-17,KMX,62.745,62.965,61.56,62.3,105330
2025-07-18,KMX,62.79,63.03,61.92,62.61,109467
2025-07-21,KMX,61.9,62.3,61.49,61.49,135049
2025-07-22,KMX,62.09,63.65,61.67,63.55,148216
2025-07-23,KMX,63.3,63.68,61.905,62.82,202412
2025-07-24,KMX,62.12,62.12,60.22,60.25,149231
2025-07-25,KMX,60.72,60.8,60.035,60.72,76438
2025-07-28,KMX,60.82,61.305,60.09,60.29,63439
2025-07-29,KMX,60.26,60.295,58.93,59.07,134288
2025-07-30,KMX,59.17,59.28,57.58,58.03,144907
2025-07-31,KMX,57.93,58.265,56.43,56.63,219867
2025-08-01,KMX,56.8,56.8,55.45,55.96,194817
2025-08-04,KMX,56.525,56.64,54.53,54.675,116887
2025-08-05,KMX,54.81,56.65,54.81,56.11,202545
2025-08-06,KMX,57.155,57.88,56.02,56.23,206149
2025-08-07,KMX,56.925,57.215,55.05,55.265,100100
2025-08-08,KMX,55.38,55.38,54.76,54.95,62073
2025-08-11,KMX,55.325,56.21,55.245,55.94,100298
2025-08-12,KMX,56.52,57.02,56.215,56.67,118487
2025-08-13,KMX,56.575,58.7,56.485,58.61,139848
2025-08-14,KMX,57.615,58.185,57.24,58.17,136865
2025-08-15,KMX,58.33,58.815,57.58,57.76,64735
2025-08-18,KMX,58.22,58.66,57.675,58.42,62136
2025-08-19,KMX,58.91,60.41,58.765,59.4,89506
2025-08-20,KMX,57.22,59.34,57.22,57.84,159074
2025-08-21,KMX,57.555,58.25,57.01,57.885,86586
2025-08-22,KMX,58.21,60.45,58.09,60.045,60312
2025-08-25,KMX,59.65,60.28,59.495,59.83,53075
2025-08-26,KMX,59.955,60.065,59.505,59.69,71903
2025-08-27,KMX,59.93,62.44,59.79,62.09,138208
2025-08-28,KMX,61.935,62.17,60.145,62.165,99820
2025-08-29,KMX,62.175,62.5,61.22,61.33,73616
2025-09-02,KMX,60.33,60.78,59.45,59.655,138925
2025-09-03,KMX,59.805,61.05,59.77,60.19,223491
2025-09-04,KMX,60.33,60.975,59.135,60.97,86317
2025-09-05,KMX,61.72,62.29,60.355,60.7,126249
2025-09-08,KMX,60.31,61.475,59.9,61.375,135884
2025-09-09,KMX,61.075,61.67,60.81,61.38,137098
2025-09-10,KMX,60.85,61.77,58.74,59.21,122050
2025-09-11,KMX,59.32,61.625,59.305,61.26,123347
2025-09-12,KMX,61.08,61.08,59.63,59.75,62208
2025-09-15,KMX,60.26,61.64,59.65,60.415,115116
2025-09-16,KMX,60.61,60.73,59.525,60.305,90135
2025-09-17,KMX,59.75,61.61,59.04,59.14,82168
2025-09-18,KMX,59.7,60.46,59.525,60.005,105717
2025-09-19,KMX,59.955,59.955,58.07,58.45,96576
2025-09-22,KMX,58.345,58.51,57.72,58.08,131659
2025-09-23,KMX,58.695,58.99,57.16,57.64,149244
2025-09-24,KMX,57.475,58.26,56.56,56.94,189860
2025-09-25,KMX,44.9,46.645,42.765,45.64,779231
2025-09-26,KMX,45.11,46.5,44.58,44.855,271015
2025-09-29,KMX,44.89,45.35,44.24,45.2,239771
2025-09-30,KMX,45.12,45.43,44.5,44.88,132928
2025-10-01,KMX,45.235,46.09,44.535,46.045,171602
2025-10-02,KMX,45.7,47.44,45.655,46.05,356419
2025-10-03,KMX,46.35,46.52,45.89,46.42,155429
2025-10-06,KMX,46.81,46.99,46.06,46.825,224003
2025-10-07,KMX,46.87,47.125,44.845,44.85,322588
2025-10-08,KMX,44.8,44.88,44.34,44.37,179155
2025-10-09,KMX,44.17,44.17,43.69,44.1,145131
2025-10-10,KMX,44.11,44.55,43.075,43.19,186089
2025-10-13,KMX,43.72,43.855,43.06,43.72,134533
2025-10-14,KMX,43.22,44.435,43.04,44.01,110974
2025-10-15,KMX,43.72,44.95,43.29,44.43,196377
2025-10-16,KMX,44.055,44.305,42.865,43.265,131691
2025-10-17,KMX,43.195,43.78,42.45,42.895,168078
2025-10-20,KMX,42.84,43.575,42.385,43.03,130008
2025-10-21,KMX,43.2,45.125,43.19,44.71,95149
2025-10-22,KMX,44.545,45.01,43.78,43.82,169477
2025-10-23,KMX,43.39,43.46,42.51,43.11,199335
2025-10-24,KMX,43.4,44.495,43.24,44.26,119436
2025-10-27,KMX,44.52,45.095,44.07,45.07,137658
2025-10-28,KMX,44.715,44.97,44.195,44.45,109410
2025-10-29,KMX,43.64,44.085,42.24,42.45,170921
2025-10-30,KMX,41.43,43.16,41.145,41.87,189701
2025-10-31,KMX,41.61,42.75,41.21,41.89,297827
2025-11-03,KMX,41.215,41.625,40.35,41.325,191724
2025-11-04,KMX,40.84,41.125,40.57,40.745,147542
2025-11-05,KMX,40.87,41.38,40.37,40.83,214534
2025-11-06,KMX,36.075,36.31,30.26,30.92,1060844
2025-11-07,KMX,30.72,32.365,30.705,32.35,549707
2025-11-10,KMX,32.03,33.6,31.93,33.26,342519
2025-11-11,KMX,33.62,34.42,33.56,34.155,165867
2025-11-12,KMX,33.84,34.75,33.695,34.425,186015
2025-11-13,KMX,34.49,34.82,33.635,34.75,218045
2025-11-14,KMX,34.745,34.745,33.88,34.43,149752
2025-11-17,KMX,34.32,34.32,32.1,32.105,153155
2025-11-18,KMX,32.11,33.53,31.99,33.46,178511
2025-11-19,KMX,33.16,34.205,32.78,34.2,149725
2025-11-20,KMX,34.24,35.06,33.465,33.54,179232
2025-11-21,KMX,34.0,35.53,33.895,35.33,281426
2025-11-24,KMX,34.83,36.15,34.74,35.66,257162
2025-11-25,KMX,36.14,38.29,36.01,37.555,292846
2025-11-26,KMX,37.32,39.275,37.29,38.21,275599
2025-11-28,KMX,38.22,38.805,37.88,38.66,57744
2025-12-01,KMX,38.01,39.505,38.0,38.6,114242
2025-12-02,KMX,38.42,39.3,38.32,38.735,155004
2025-12-03,KMX,38.85,39.5,38.68,39.0,104430
2025-12-04,KMX,39.25,39.25,38.4,38.91,81175
2025-12-05,KMX,38.8,39.68,38.745,38.81,180162
2025-12-08,KMX,38.97,39.725,38.52,39.3,174882
2025-12-09,KMX,38.93,39.5,38.72,39.02,121621
2025-12-10,KMX,39.0,41.68,39.0,41.24,158643
2025-12-11,KMX,41.33,41.68,40.75,41.67,140988
2025-12-12,KMX,41.83,42.03,40.86,41.015,187632
2025-12-15,KMX,41.21,41.5,40.755,40.92,238806
2025-12-16,KMX,40.29,40.97,40.29,40.605,190977
2025-12-17,KMX,40.49,41.29,40.235,41.09,190069
2025-12-18,KMX,38.49,41.965,38.47,39.32,421264
2025-12-19,KMX,38.05,39.01,37.665,38.49,338943
2025-12-22,KMX,38.16,39.26,37.82,38.13,136505
