date,tic,open,high,low,close,volume
2021-01-04,LIN,248.16,248.49,239.32,240.82,43514
2021-01-05,LIN,239.74,244.67,239.74,244.4,66820
2021-01-06,LIN,243.59,255.33,243.57,252.48,141343
2021-01-07,LIN,250.33,254.55,250.33,251.82,51715
2021-01-08,LIN,252.87,253.29,249.34,251.44,68878
2021-01-11,LIN,245.73,250.18,245.73,248.74,52522
2021-01-12,LIN,246.37,248.65,245.2,247.93,78408
2021-01-13,LIN,248.25,249.66,247.87,248.97,49222
2021-01-14,LIN,248.45,248.45,245.12,245.2,63745
2021-01-15,LIN,243.26,243.26,239.15,239.72,82116
2021-01-19,LIN,244.63,244.75,240.2,240.97,70708
2021-01-20,LIN,239.38,242.23,239.28,239.31,62692
2021-01-21,LIN,239.03,239.44,235.26,235.39,53881
2021-01-22,LIN,233.86,236.68,233.75,233.85,74324
2021-01-25,LIN,231.23,235.68,228.88,235.39,132429
2021-01-26,LIN,236.67,239.6,236.67,237.91,79773
2021-01-27,LIN,231.88,232.24,224.02,225.72,89770
2021-01-28,LIN,230.0,233.53,228.82,232.16,118769
2021-01-29,LIN,230.21,231.77,227.12,228.19,51670
2021-02-01,LIN,230.8,233.44,228.79,232.94,76212
2021-02-02,LIN,233.17,235.76,232.87,234.75,45107
2021-02-03,LIN,234.45,235.68,232.32,232.48,81226
2021-02-04,LIN,232.37,234.72,230.03,231.59,170195
2021-02-05,LIN,237.17,241.41,234.53,239.3,134383
2021-02-08,LIN,240.98,241.67,237.89,239.32,71808
2021-02-09,LIN,239.67,239.93,237.18,237.64,73784
2021-02-10,LIN,236.53,237.17,233.89,235.0,89084
2021-02-11,LIN,236.28,237.2,234.18,235.28,50253
2021-02-12,LIN,234.54,235.85,233.36,235.06,94823
2021-02-16,LIN,235.12,236.6,232.43,232.73,79880
2021-02-17,LIN,231.44,232.62,229.92,231.91,93614
2021-02-18,LIN,230.32,233.57,229.2,232.41,82330
2021-02-19,LIN,232.13,234.26,231.79,233.21,89653
2021-02-22,LIN,232.59,234.33,231.81,233.46,111015
2021-02-23,LIN,233.49,241.02,232.75,240.39,191643
2021-02-24,LIN,239.82,241.02,236.66,236.74,94254
2021-02-25,LIN,235.34,236.01,229.62,229.85,101916
2021-02-26,LIN,229.34,230.74,227.22,227.37,85643
2021-03-01,LIN,230.01,234.63,230.01,233.91,68537
2021-03-02,LIN,235.52,238.95,235.28,236.18,75169
2021-03-03,LIN,233.0,233.49,230.22,230.25,57886
2021-03-04,LIN,231.09,233.08,226.67,229.09,117530
2021-03-05,LIN,230.26,231.86,225.93,231.21,127146
2021-03-08,LIN,231.6,239.71,231.6,236.92,88669
2021-03-09,LIN,243.93,247.32,241.09,245.22,202725
2021-03-10,LIN,246.67,249.22,246.67,248.05,121131
2021-03-11,LIN,251.34,252.09,249.62,249.73,71939
2021-03-12,LIN,248.97,250.77,247.9,250.77,50780
2021-03-15,LIN,247.52,251.19,247.21,251.19,64963
2021-03-16,LIN,250.8,253.74,250.41,252.9,76933
2021-03-17,LIN,251.92,253.75,250.72,251.7,65355
2021-03-18,LIN,249.65,252.58,248.98,250.2,69002
2021-03-19,LIN,250.26,252.92,246.67,251.06,107141
2021-03-22,LIN,250.75,253.67,250.09,252.62,55524
2021-03-23,LIN,252.33,254.31,249.4,250.09,54626
2021-03-24,LIN,249.13,253.2,249.06,252.15,54624
2021-03-25,LIN,251.7,255.98,251.2,255.65,59998
2021-03-26,LIN,256.97,263.17,256.31,263.17,70674
2021-03-29,LIN,261.53,264.49,259.53,262.37,114251
2021-03-30,LIN,261.47,262.25,260.28,260.52,54647
2021-03-31,LIN,260.01,264.46,260.01,261.58,66551
2021-04-01,LIN,261.03,262.71,258.89,262.27,79637
2021-04-05,LIN,264.2,267.96,264.08,266.44,50349
2021-04-06,LIN,265.49,266.35,263.79,265.32,61254
2021-04-07,LIN,264.65,265.53,261.94,262.82,67547
2021-04-08,LIN,264.34,265.36,263.35,263.49,57897
2021-04-09,LIN,264.26,266.26,263.14,265.93,43418
2021-04-12,LIN,264.88,267.36,264.66,266.57,42113
2021-04-13,LIN,266.58,268.62,266.58,267.32,29718
2021-04-14,LIN,265.83,267.39,265.34,266.06,39967
2021-04-15,LIN,267.94,269.63,267.67,269.01,36879
2021-04-16,LIN,270.43,271.43,269.57,270.8,28621
2021-04-20,LIN,267.71,268.6,266.88,266.88,54494
2021-04-21,LIN,268.83,273.12,268.54,272.68,64222
2021-04-22,LIN,270.92,272.48,269.27,269.69,30390
2021-04-23,LIN,268.9,273.05,268.9,272.43,44562
2021-04-26,LIN,272.54,272.7,269.85,270.38,29598
2021-04-27,LIN,269.45,271.57,268.69,271.0,36598
2021-04-28,LIN,269.31,271.33,268.03,268.06,48682
2021-04-29,LIN,268.82,270.2,267.2,270.2,70609
2021-04-30,LIN,269.28,269.52,266.6,266.87,82911
2021-05-03,LIN,268.4,270.38,268.37,269.68,32345
2021-05-04,LIN,265.28,266.97,263.35,264.3,112309
2021-05-05,LIN,268.62,273.38,267.92,272.24,87720
2021-05-06,LIN,275.41,276.82,272.36,276.62,132464
2021-05-07,LIN,278.47,280.91,277.33,279.32,57248
2021-05-10,LIN,282.2,283.71,281.14,281.14,96322
2021-05-11,LIN,277.62,281.01,276.87,278.94,78399
2021-05-12,LIN,275.84,277.99,273.92,274.51,116921
2021-05-13,LIN,275.24,279.04,274.55,278.27,122363
2021-05-14,LIN,279.53,281.85,279.41,281.53,56107
2021-05-17,LIN,282.22,283.14,279.36,280.94,33743
2021-05-18,LIN,281.25,281.25,278.31,278.31,64925
2021-05-19,LIN,274.41,276.79,272.32,276.29,57464
2021-05-20,LIN,277.93,280.88,277.85,278.41,46072
2021-05-21,LIN,280.07,281.97,278.62,278.69,57911
2021-05-24,LIN,281.49,282.97,280.8,281.3,35175
2021-05-25,LIN,282.46,282.64,280.48,281.33,36309
2021-05-26,LIN,281.0,281.55,277.81,280.01,47588
2021-05-27,LIN,281.04,281.76,280.01,281.09,55006
2021-05-28,LIN,282.71,282.84,280.22,280.72,36542
2021-06-01,LIN,284.91,285.39,281.49,282.2,35447
2021-06-02,LIN,282.82,282.84,280.58,281.09,26852
2021-06-03,LIN,278.72,279.86,277.53,279.49,43074
2021-06-04,LIN,280.68,282.78,279.88,280.95,34502
2021-06-07,LIN,279.2,279.24,272.9,273.18,79614
2021-06-08,LIN,275.06,275.8,273.12,274.19,52902
2021-06-09,LIN,273.96,275.69,271.96,272.2,64874
2021-06-10,LIN,273.6,274.51,272.04,272.15,59499
2021-06-11,LIN,273.56,274.3,271.8,272.92,40033
2021-06-14,LIN,272.87,272.93,269.9,272.56,70048
2021-06-15,LIN,275.11,275.11,270.85,272.61,109325
2021-06-16,LIN,275.98,276.43,271.23,271.43,119928
2021-06-17,LIN,271.07,271.07,267.46,269.12,107697
2021-06-18,LIN,266.43,267.59,264.3,264.3,129768
2021-06-21,LIN,268.89,270.48,267.46,270.32,95850
2021-06-22,LIN,272.51,273.13,271.25,272.17,80510
2021-06-23,LIN,271.46,272.07,266.46,266.76,178959
2021-06-24,LIN,269.17,269.62,266.97,267.19,157634
2021-06-25,LIN,267.5,268.8,265.26,267.23,298291
2021-06-28,LIN,270.97,271.63,269.28,271.47,108577
2021-06-29,LIN,274.0,274.62,271.55,272.02,51165
2021-06-30,LIN,270.11,271.63,269.94,270.86,88699
2021-07-01,LIN,271.64,272.59,270.85,272.54,53001
2021-07-02,LIN,272.14,273.96,271.49,273.43,36573
2021-07-06,LIN,273.28,273.55,269.44,270.39,46080
2021-07-07,LIN,272.2,274.35,271.38,274.3,54069
2021-07-08,LIN,269.38,269.78,266.92,268.95,60137
2021-07-09,LIN,272.47,275.26,271.9,274.29,76232
2021-07-12,LIN,273.92,276.15,273.61,274.14,44222
2021-07-13,LIN,273.84,273.84,270.72,271.49,45582
2021-07-14,LIN,272.39,273.77,271.36,272.73,30001
2021-07-15,LIN,271.04,275.06,271.04,273.61,62531
2021-07-16,LIN,274.69,274.69,271.17,271.9,51743
2021-07-19,LIN,266.87,267.48,265.07,266.57,70572
2021-07-20,LIN,267.25,273.17,266.96,272.15,75270
2021-07-21,LIN,273.63,276.15,273.63,275.66,92395
2021-07-22,LIN,278.24,278.25,276.06,276.68,71562
2021-07-23,LIN,279.06,280.21,277.61,280.1,61601
2021-07-26,LIN,280.74,281.08,278.31,279.51,50775
2021-07-27,LIN,278.65,281.72,277.3,280.09,33411
2021-07-28,LIN,279.16,279.91,278.03,278.26,52777
2021-07-29,LIN,279.13,281.7,278.72,280.73,88223
2021-07-30,LIN,283.3,289.38,283.25,288.09,164212
2021-08-02,LIN,289.34,290.55,281.28,281.28,106967
2021-08-03,LIN,282.31,284.12,281.36,283.89,97331
2021-08-04,LIN,285.57,288.26,285.57,286.39,63561
2021-08-05,LIN,288.39,289.51,285.38,285.68,62238
2021-08-06,LIN,286.3,287.52,285.16,286.53,30233
2021-08-09,LIN,286.55,286.55,282.84,284.12,37639
2021-08-10,LIN,282.91,285.52,282.16,282.82,108213
2021-08-11,LIN,288.05,288.15,284.66,286.88,122946
2021-08-12,LIN,289.06,289.06,285.8,287.26,24345
2021-08-13,LIN,289.0,289.95,288.1,289.95,33031
2021-08-16,LIN,290.77,292.04,289.01,291.94,32557
2021-08-17,LIN,292.14,292.38,288.56,292.11,53627
2021-08-18,LIN,293.14,294.55,290.38,290.41,58923
2021-08-19,LIN,288.54,292.25,288.54,291.63,70284
2021-08-20,LIN,291.53,294.35,291.25,294.2,106842
2021-08-23,LIN,293.32,294.52,293.19,293.19,28333
2021-08-24,LIN,294.24,294.24,292.39,292.91,34144
2021-08-25,LIN,291.07,293.8,290.57,293.27,24514
2021-08-26,LIN,293.87,293.87,291.76,291.9,40277
2021-08-27,LIN,293.76,295.04,292.8,294.87,32912
2021-08-30,LIN,295.65,296.35,294.92,295.73,31094
2021-08-31,LIN,295.26,295.61,293.91,294.73,34999
2021-09-01,LIN,293.81,295.57,292.63,294.14,66967
2021-09-02,LIN,295.96,296.84,295.08,296.75,50940
2021-09-03,LIN,295.99,297.3,294.66,294.73,48658
2021-09-07,LIN,297.74,298.12,294.14,296.83,61781
2021-09-08,LIN,295.59,296.89,291.9,292.81,78527
2021-09-09,LIN,294.18,296.68,293.56,294.02,59014
2021-09-10,LIN,294.39,295.31,291.69,291.91,36228
2021-09-13,LIN,296.52,296.55,292.81,294.65,92475
2021-09-14,LIN,296.84,296.84,292.47,293.29,42399
2021-09-15,LIN,294.8,296.21,293.05,296.03,84011
2021-09-16,LIN,295.54,295.57,291.54,294.38,56010
2021-09-17,LIN,291.04,292.62,287.75,290.77,180483
2021-09-20,LIN,284.07,286.32,281.72,284.13,90617
2021-09-21,LIN,287.4,287.84,284.99,286.9,62433
2021-09-22,LIN,287.8,290.78,287.53,287.82,96035
2021-09-23,LIN,290.34,293.14,290.34,291.99,51662
2021-09-24,LIN,289.86,292.55,289.69,291.8,35964
2021-09-27,LIN,292.16,293.62,290.2,290.83,55752
2021-09-28,LIN,287.01,287.01,280.45,281.99,139449
2021-09-29,LIN,281.54,282.55,280.57,281.23,35292
2021-09-30,LIN,281.19,282.5,275.87,275.87,55916
2021-10-01,LIN,277.8,280.72,275.46,279.99,62750
2021-10-04,LIN,279.06,280.18,274.67,277.12,87234
2021-10-05,LIN,277.45,281.78,276.87,280.1,50187
2021-10-06,LIN,276.75,278.55,273.09,278.35,79356
2021-10-07,LIN,280.24,284.33,280.17,281.23,55438
2021-10-08,LIN,281.91,281.95,278.09,278.47,35073
2021-10-11,LIN,278.13,280.34,277.27,277.4,31016
2021-10-12,LIN,278.15,279.27,276.72,278.21,49100
2021-10-13,LIN,280.96,284.07,280.11,283.08,51564
2021-10-14,LIN,286.36,290.65,285.69,290.41,34371
2021-10-15,LIN,290.14,290.9,288.3,290.11,58590
2021-10-18,LIN,288.88,290.09,287.72,289.63,44754
2021-10-19,LIN,289.66,292.39,288.76,292.16,42316
2021-10-20,LIN,292.71,293.3,291.82,292.61,33269
2021-10-21,LIN,292.51,292.99,290.1,292.95,40699
2021-10-22,LIN,294.58,296.15,294.26,295.29,62677
2021-10-26,LIN,298.59,300.07,297.93,297.95,41213
2021-10-27,LIN,300.19,302.25,297.94,299.87,65440
2021-10-28,LIN,297.94,299.38,296.86,298.96,106342
2021-10-29,LIN,298.41,303.24,297.98,300.21,48613
2021-11-01,LIN,302.16,304.83,301.45,303.71,47997
2021-11-02,LIN,307.69,309.12,306.62,307.89,69773
2021-11-03,LIN,309.47,310.4,305.98,308.8,87237
2021-11-04,LIN,310.0,311.83,308.9,311.75,155890
2021-11-05,LIN,311.92,312.68,311.02,312.28,61350
2021-11-08,LIN,315.41,317.71,315.19,317.46,62759
2021-11-09,LIN,319.0,319.15,317.4,318.38,54904
2021-11-10,LIN,318.07,318.35,315.58,316.56,77348
2021-11-11,LIN,317.43,317.43,315.65,315.65,35705
2021-11-12,LIN,317.44,317.44,315.89,316.9,56766
2021-11-15,LIN,316.43,316.44,313.02,314.07,67210
2021-11-16,LIN,314.06,315.3,313.02,313.09,79785
2021-11-17,LIN,314.31,314.31,311.41,311.68,91588
2021-11-18,LIN,311.87,311.87,309.74,311.26,46183
2021-11-19,LIN,311.39,313.25,311.03,312.29,48383
2021-11-22,LIN,312.76,314.42,310.18,310.18,36869
2021-11-23,LIN,309.21,311.69,309.21,310.58,43165
2021-11-24,LIN,305.63,308.51,305.63,307.71,62066
2021-11-26,LIN,303.66,304.96,300.79,301.74,37305
2021-11-29,LIN,302.17,303.36,299.67,301.59,78533
2021-11-30,LIN,300.92,301.46,297.01,299.24,110148
2021-12-01,LIN,302.51,306.31,299.29,299.29,71970
2021-12-02,LIN,301.97,306.23,301.61,305.49,131973
2021-12-03,LIN,307.54,308.25,300.33,302.52,104736
2021-12-06,LIN,306.59,307.85,305.23,306.62,63017
2021-12-07,LIN,312.4,313.7,311.55,311.9,69124
2021-12-08,LIN,314.86,315.07,312.26,314.36,54664
2021-12-09,LIN,312.18,315.0,311.87,313.39,27724
2021-12-10,LIN,314.79,315.79,314.03,315.19,35551
2021-12-13,LIN,314.75,316.49,312.9,315.28,35390
2021-12-14,LIN,316.38,316.83,314.28,315.68,61803
2021-12-15,LIN,317.06,322.1,315.84,322.07,42795
2021-12-16,LIN,321.62,323.84,319.55,320.85,65919
2021-12-17,LIN,319.47,319.47,314.33,314.9,51559
2021-12-20,LIN,310.95,311.94,308.61,311.58,73956
2021-12-21,LIN,312.22,315.09,311.15,314.01,39557
2021-12-22,LIN,313.14,316.53,312.72,316.33,36335
2021-12-23,LIN,316.26,321.22,316.26,319.9,48406
2021-12-27,LIN,322.18,324.39,322.04,324.13,43300
2021-12-28,LIN,323.66,325.39,323.66,324.32,38028
2021-12-29,LIN,324.7,326.81,324.57,325.83,28344
2021-12-30,LIN,326.36,326.46,324.56,324.85,56962
2021-12-31,LIN,324.21,327.31,324.21,326.76,28515
2022-01-03,LIN,326.88,326.89,319.29,319.43,74006
2022-01-04,LIN,319.74,326.08,319.22,325.29,70642
2022-01-05,LIN,327.52,332.19,326.78,326.81,76861
2022-01-06,LIN,325.35,325.82,318.71,318.98,80434
2022-01-07,LIN,319.06,319.06,314.63,317.19,61516
2022-01-10,LIN,314.6,316.56,312.32,316.25,55665
2022-01-11,LIN,315.31,317.27,312.46,317.22,62388
2022-01-12,LIN,319.07,322.54,318.13,321.85,58418
2022-01-13,LIN,319.19,320.45,313.98,314.33,100946
2022-01-14,LIN,310.09,311.88,306.91,310.15,79555
2022-01-18,LIN,304.71,304.9,300.5,302.97,119364
2022-01-19,LIN,306.49,308.29,303.66,304.02,77830
2022-01-20,LIN,305.93,308.96,303.12,303.89,70366
2022-01-21,LIN,302.32,303.8,297.84,298.22,94410
2022-01-24,LIN,295.88,295.91,290.28,293.22,35245
2022-01-25,LIN,292.99,298.27,289.24,295.9,83814
2022-01-26,LIN,298.53,299.69,288.82,291.62,117595
2022-01-27,LIN,293.57,296.23,290.16,293.78,104323
2022-01-28,LIN,290.82,297.16,288.21,297.16,121819
2022-01-31,LIN,292.66,300.74,292.35,300.74,110678
2022-02-01,LIN,302.3,303.85,298.49,303.24,131004
2022-02-02,LIN,302.37,306.15,302.16,304.04,70468
2022-02-03,LIN,300.83,301.24,293.4,294.25,96447
2022-02-04,LIN,285.31,287.1,280.83,281.07,193681
2022-02-07,LIN,280.04,282.55,278.9,279.79,90617
2022-02-08,LIN,279.95,282.6,278.28,281.94,84226
2022-02-09,LIN,285.9,287.7,284.7,287.17,136416
2022-02-10,LIN,292.22,298.86,290.02,291.35,154855
2022-02-11,LIN,289.73,291.49,277.07,278.14,110794
2022-02-14,LIN,277.51,279.1,274.03,276.98,113560
2022-02-15,LIN,283.23,285.32,282.17,284.93,84673
2022-02-16,LIN,284.28,287.95,282.3,286.75,94250
2022-02-17,LIN,284.36,285.5,281.42,281.95,70928
2022-02-18,LIN,283.37,287.9,281.9,285.84,178529
2022-02-22,LIN,276.15,278.18,273.35,277.04,155033
2022-02-23,LIN,279.06,280.29,274.27,274.57,206499
2022-02-24,LIN,261.14,269.69,261.14,268.97,229868
2022-02-25,LIN,271.37,280.79,271.36,280.79,143040
2022-02-28,LIN,271.68,277.94,271.68,276.55,121388
2022-03-01,LIN,275.4,276.46,264.89,266.44,162185
2022-03-02,LIN,268.33,275.31,266.49,273.78,152496
2022-03-03,LIN,273.93,275.27,269.58,271.11,110548
2022-03-04,LIN,263.13,265.6,260.78,265.6,198155
2022-03-07,LIN,265.1,265.25,254.62,255.61,203336
2022-03-09,LIN,267.02,279.4,266.22,276.0,240574
2022-03-10,LIN,266.03,272.83,265.53,268.42,157452
2022-03-11,LIN,273.09,274.04,265.62,265.62,131477
2022-03-14,LIN,273.46,277.19,269.67,270.23,149646
2022-03-15,LIN,275.16,279.03,272.27,278.71,176447
2022-03-16,LIN,286.12,291.03,282.94,288.6,130524
2022-03-17,LIN,287.06,293.72,286.62,293.01,67210
2022-03-18,LIN,288.66,296.01,288.66,295.25,83789
2022-03-21,LIN,295.36,295.65,292.29,294.26,61795
2022-03-22,LIN,295.7,296.72,293.34,295.54,54138
2022-03-23,LIN,291.93,294.11,290.8,291.18,106179
2022-03-24,LIN,293.78,301.32,293.77,301.32,117320
2022-03-25,LIN,303.48,303.93,299.28,302.15,78911
2022-03-28,LIN,302.79,305.67,302.32,305.62,154415
2022-03-29,LIN,310.34,311.19,303.88,309.14,170749
2022-03-30,LIN,307.59,309.28,305.58,308.33,96529
2022-03-31,LIN,306.4,307.66,302.43,302.63,81567
2022-04-01,LIN,304.7,305.86,303.5,305.85,103586
2022-04-04,LIN,302.82,305.01,302.41,304.61,99776
2022-04-05,LIN,304.22,307.91,303.89,304.57,91005
2022-04-06,LIN,299.67,299.93,295.78,298.5,128933
2022-04-07,LIN,300.24,302.59,297.8,301.29,100975
2022-04-08,LIN,300.7,304.41,300.61,300.98,58525
2022-04-11,LIN,301.05,302.19,300.08,300.51,63483
2022-04-12,LIN,298.52,300.76,296.45,297.46,96613
2022-04-13,LIN,297.58,302.52,297.02,302.43,60045
2022-04-14,LIN,302.15,303.37,300.05,301.79,72845
2022-04-18,LIN,301.77,303.03,299.12,300.75,70456
2022-04-19,LIN,298.59,302.3,298.1,301.7,106627
2022-04-20,LIN,303.53,310.57,303.51,309.28,101562
2022-04-21,LIN,314.19,314.56,306.93,307.32,88274
2022-04-22,LIN,305.27,305.43,292.83,293.29,97049
2022-04-25,LIN,294.97,297.55,290.38,297.41,108640
2022-04-26,LIN,295.37,296.89,287.58,287.73,88937
2022-04-27,LIN,288.25,293.4,287.53,292.28,165255
2022-04-28,LIN,289.29,299.74,287.13,298.68,267287
2022-04-29,LIN,297.51,301.96,294.6,295.39,145472
2022-05-02,LIN,297.92,298.96,290.92,297.14,138305
2022-05-03,LIN,297.44,299.89,295.71,297.49,75550
2022-05-04,LIN,298.82,305.77,295.7,305.56,92489
2022-05-05,LIN,301.76,302.39,293.25,295.89,93968
2022-05-06,LIN,289.59,293.43,287.89,292.46,97320
2022-05-09,LIN,286.76,289.25,284.06,284.44,89433
2022-05-10,LIN,290.28,290.32,282.43,283.7,189191
2022-05-11,LIN,282.35,290.44,281.75,284.81,99599
2022-05-12,LIN,281.17,286.37,280.8,285.3,138306
2022-05-13,LIN,287.74,294.73,286.87,292.61,78207
2022-05-16,LIN,290.84,294.94,289.08,293.03,59961
2022-05-17,LIN,300.15,302.08,298.63,302.07,81127
2022-05-18,LIN,298.05,299.57,292.88,293.62,88583
2022-05-19,LIN,292.03,297.42,291.76,294.36,127020
2022-05-20,LIN,298.95,299.8,291.17,298.58,131367
2022-05-23,LIN,303.01,306.31,302.18,303.59,61331
2022-05-24,LIN,304.09,304.56,299.24,303.91,103582
2022-05-25,LIN,302.64,303.05,296.91,299.19,123885
2022-05-26,LIN,301.0,304.64,300.52,303.56,94986
2022-05-27,LIN,306.49,312.43,306.37,312.43,56310
2022-05-31,LIN,307.91,310.55,306.03,307.91,116185
2022-06-01,LIN,306.08,307.87,301.11,302.72,83042
2022-06-02,LIN,307.58,316.95,307.06,316.86,93265
2022-06-03,LIN,313.79,316.86,313.72,315.54,78125
2022-06-06,LIN,320.23,321.28,317.17,318.87,118602
2022-06-07,LIN,314.96,319.5,314.96,319.38,135055
2022-06-08,LIN,314.64,317.15,311.23,312.39,65647
2022-06-09,LIN,308.18,310.3,303.03,303.03,71259
2022-06-10,LIN,296.35,297.75,293.0,295.48,82721
2022-06-13,LIN,288.34,289.39,284.96,286.69,103482
2022-06-14,LIN,284.46,285.28,278.77,281.11,123368
2022-06-15,LIN,284.1,287.67,279.58,285.19,116852
2022-06-16,LIN,275.52,277.08,273.67,275.33,181034
2022-06-17,LIN,271.26,277.92,269.75,276.27,139495
2022-06-21,LIN,278.85,285.77,278.69,283.6,153602
2022-06-22,LIN,279.24,285.88,279.24,283.59,138291
2022-06-23,LIN,282.41,284.88,278.54,282.24,151316
2022-06-24,LIN,283.45,289.54,283.11,288.33,386930
2022-06-27,LIN,284.8,285.84,281.02,281.62,167058
2022-06-28,LIN,281.78,283.95,277.85,279.06,133576
2022-06-29,LIN,277.02,277.89,274.44,276.97,109024
2022-06-30,LIN,270.65,275.27,268.6,273.51,144516
2022-07-01,LIN,269.56,271.74,267.14,271.44,253234
2022-07-05,LIN,258.76,259.83,253.71,257.14,231672
2022-07-06,LIN,256.45,261.84,256.45,260.81,170900
2022-07-07,LIN,261.61,262.59,260.16,260.41,129196
2022-07-08,LIN,261.37,262.65,258.76,260.12,71649
2022-07-11,LIN,257.94,264.4,257.76,263.11,107583
2022-07-12,LIN,261.48,263.95,259.71,260.09,113697
2022-07-13,LIN,256.94,262.14,256.01,261.37,154536
2022-07-14,LIN,254.75,255.84,252.13,255.67,136594
2022-07-15,LIN,261.68,263.26,259.83,263.03,156005
2022-07-18,LIN,265.99,266.66,262.76,263.38,84273
2022-07-19,LIN,267.26,272.2,266.61,271.33,99616
2022-07-20,LIN,270.46,271.59,268.05,269.27,89591
2022-07-21,LIN,268.47,272.94,268.3,272.77,76387
2022-07-22,LIN,273.04,274.19,270.51,271.52,72241
2022-07-25,LIN,272.58,274.0,270.64,273.98,113212
2022-07-26,LIN,270.32,273.46,270.32,272.44,63832
2022-07-27,LIN,272.57,276.35,271.13,275.96,195944
2022-07-28,LIN,272.37,282.51,272.35,282.25,134231
2022-07-29,LIN,284.41,288.09,284.01,287.27,129006
2022-08-01,LIN,285.28,287.19,284.0,285.55,46241
2022-08-02,LIN,283.74,285.79,281.32,283.03,115298
2022-08-03,LIN,285.09,286.27,281.28,285.28,71871
2022-08-04,LIN,286.69,289.05,286.69,287.31,54888
2022-08-05,LIN,285.12,287.16,284.67,287.04,46418
2022-08-08,LIN,290.36,290.65,285.88,286.2,48145
2022-08-09,LIN,285.98,287.75,285.07,285.88,46000
2022-08-10,LIN,291.75,295.84,291.38,293.94,65238
2022-08-11,LIN,294.25,294.7,290.54,290.73,69168
2022-08-12,LIN,290.88,296.15,290.68,296.12,80780
2022-08-15,LIN,294.58,297.0,293.11,296.79,101318
2022-08-16,LIN,294.37,297.6,294.37,296.91,36414
2022-08-17,LIN,293.22,294.7,291.97,294.23,33333
2022-08-18,LIN,294.32,295.74,292.97,294.89,50171
2022-08-19,LIN,292.71,292.71,288.28,288.83,40577
2022-08-22,LIN,281.85,282.75,280.03,281.16,104387
2022-08-23,LIN,279.34,281.42,277.84,279.62,76972
2022-08-24,LIN,279.45,280.36,277.75,278.68,72378
2022-08-25,LIN,280.12,282.74,278.53,282.54,96763
2022-08-26,LIN,282.29,282.29,272.01,272.36,53998
2022-08-29,LIN,272.2,274.52,271.63,273.26,87426
2022-08-30,LIN,275.38,275.5,268.73,270.75,61040
2022-08-31,LIN,271.18,271.55,268.42,269.03,84221
2022-09-01,LIN,265.01,266.91,260.96,266.44,145284
2022-09-02,LIN,270.67,272.78,264.04,265.11,91706
2022-09-06,LIN,264.1,266.49,261.41,264.37,99962
2022-09-07,LIN,265.12,272.98,265.08,272.85,45396
2022-09-08,LIN,267.32,271.2,267.01,271.06,75196
2022-09-09,LIN,273.43,274.66,272.24,274.02,36189
2022-09-12,LIN,279.34,281.64,277.64,281.14,94976
2022-09-13,LIN,275.2,278.16,272.08,272.36,84137
2022-09-14,LIN,272.68,274.42,270.5,273.72,99937
2022-09-15,LIN,271.94,274.49,269.85,270.13,51440
2022-09-16,LIN,267.0,270.99,266.0,270.66,146061
2022-09-19,LIN,267.69,272.27,267.5,272.19,52061
2022-09-20,LIN,268.05,269.88,266.41,268.76,70375
2022-09-21,LIN,269.2,270.58,263.86,263.95,64688
2022-09-22,LIN,264.13,264.54,260.9,261.65,59760
2022-09-23,LIN,257.86,258.16,253.91,257.01,87793
2022-09-26,LIN,254.26,257.06,251.2,252.3,86479
2022-09-27,LIN,255.34,256.78,250.6,253.16,151195
2022-09-28,LIN,254.54,260.49,252.93,258.97,112962
2022-09-29,LIN,255.86,258.04,253.32,257.81,66846
2022-09-30,LIN,258.38,261.65,257.19,257.59,156092
2022-10-03,LIN,260.27,264.57,259.16,263.35,104834
2022-10-04,LIN,270.52,274.12,270.4,273.59,141161
2022-10-05,LIN,271.1,273.32,268.74,270.85,68866
2022-10-06,LIN,267.48,269.44,264.89,266.08,74218
2022-10-07,LIN,263.95,264.05,259.64,260.95,73370
2022-10-10,LIN,261.74,261.95,257.97,259.73,55833
2022-10-11,LIN,257.53,262.55,257.1,258.62,47879
2022-10-12,LIN,258.63,261.37,257.96,259.23,88884
2022-10-13,LIN,254.61,270.15,254.21,269.65,131789
2022-10-14,LIN,272.73,273.6,262.52,263.1,86833
2022-10-17,LIN,268.75,270.66,267.86,268.24,69926
2022-10-18,LIN,274.97,275.07,269.95,272.26,69963
2022-10-19,LIN,271.92,273.05,269.21,271.16,40703
2022-10-20,LIN,271.67,275.1,268.83,269.39,46467
2022-10-21,LIN,268.18,275.53,267.4,275.27,72830
2022-10-24,LIN,279.92,281.45,264.13,265.57,270862
2022-10-25,LIN,265.74,275.17,265.55,275.17,188842
2022-10-26,LIN,278.84,283.06,277.15,281.51,130905
2022-10-27,LIN,280.63,283.01,279.08,280.06,126085
2022-10-28,LIN,282.13,289.22,281.58,288.29,105146
2022-10-31,LIN,287.42,288.82,283.69,283.76,101077
2022-11-01,LIN,289.72,289.72,283.08,284.48,122409
2022-11-02,LIN,288.07,288.48,280.58,280.81,142290
2022-11-03,LIN,278.65,284.64,278.65,284.0,161880
2022-11-04,LIN,292.31,295.98,289.51,294.99,154054
2022-11-07,LIN,297.33,299.62,295.43,299.3,73284
2022-11-08,LIN,300.41,304.03,299.53,300.72,71414
2022-11-09,LIN,301.64,304.26,299.12,300.16,75270
2022-11-10,LIN,314.94,314.99,309.96,313.35,150197
2022-11-11,LIN,318.36,319.1,314.64,315.28,114357
2022-11-14,LIN,318.17,322.55,316.92,317.01,71373
2022-11-15,LIN,323.29,323.31,315.0,317.4,94669
2022-11-16,LIN,320.9,320.9,318.38,318.72,65359
2022-11-17,LIN,315.14,316.26,313.23,315.68,58625
2022-11-18,LIN,318.52,320.39,316.15,319.83,54222
2022-11-21,LIN,318.01,320.67,317.88,319.18,62504
2022-11-22,LIN,319.74,324.79,319.21,324.36,38725
2022-11-23,LIN,325.26,327.75,325.26,327.48,44415
2022-11-25,LIN,328.34,328.82,327.17,328.82,18131
2022-11-28,LIN,329.06,329.24,321.53,322.36,118091
2022-11-29,LIN,319.45,320.2,316.04,316.84,96577
2022-11-30,LIN,317.15,321.75,313.64,321.09,149698
2022-12-01,LIN,323.2,323.88,319.2,323.12,87646
2022-12-02,LIN,320.55,324.67,319.67,323.25,75256
2022-12-05,LIN,320.78,322.07,318.73,320.22,51036
2022-12-06,LIN,320.89,321.51,315.69,317.54,83289
2022-12-07,LIN,318.15,319.89,315.77,317.52,86194
2022-12-08,LIN,317.06,321.05,317.06,320.67,53468
2022-12-09,LIN,321.48,321.51,318.23,318.32,55070
2022-12-12,LIN,321.82,322.59,319.74,321.91,64048
2022-12-13,LIN,331.21,332.98,326.22,327.92,103194
2022-12-14,LIN,328.78,330.71,325.96,327.62,130424
2022-12-15,LIN,321.93,322.04,314.82,316.88,98137
2022-12-16,LIN,313.97,315.89,310.52,315.53,119419
2022-12-19,LIN,315.2,316.59,312.49,313.24,94183
2022-12-20,LIN,314.27,316.98,312.79,315.15,70750
2022-12-21,LIN,312.96,316.4,312.96,314.91,127058
2022-12-22,LIN,312.62,313.87,309.59,313.85,70029
2022-12-23,LIN,312.65,315.59,312.5,315.46,28310
2022-12-27,LIN,316.75,318.07,314.61,315.14,49235
2022-12-28,LIN,315.12,316.4,311.89,312.48,39806
2022-12-29,LIN,314.95,316.92,314.58,315.95,59476
2022-12-30,LIN,312.43,313.01,309.75,312.5,76667
2023-01-03,LIN,304.73,308.4,301.41,304.94,94391
2023-01-04,LIN,305.23,306.62,301.95,303.47,99505
2023-01-05,LIN,292.59,294.93,289.67,292.66,150191
2023-01-06,LIN,294.94,303.78,294.71,302.94,150907
2023-01-09,LIN,308.18,311.36,306.76,308.31,108914
2023-01-10,LIN,309.19,309.5,305.95,308.56,50259
2023-01-11,LIN,312.79,315.79,311.42,315.73,132601
2023-01-12,LIN,314.29,315.63,312.28,315.12,69885
2023-01-13,LIN,317.12,320.5,316.24,320.07,94322
2023-01-17,LIN,321.46,321.91,315.97,316.1,115050
2023-01-18,LIN,319.79,319.79,310.59,310.8,191823
2023-01-19,LIN,310.42,311.79,308.02,310.82,114299
2023-01-20,LIN,310.66,314.97,309.25,314.71,97343
2023-01-23,LIN,311.79,314.59,310.69,312.77,103537
2023-01-24,LIN,312.02,315.01,310.27,314.81,74937
2023-01-25,LIN,311.0,313.41,310.55,312.63,141839
2023-01-26,LIN,312.31,315.64,311.19,315.59,51638
2023-01-27,LIN,310.59,313.78,310.59,311.0,76237
2023-01-30,LIN,311.32,314.69,310.66,311.42,104399
2023-01-31,LIN,313.0,317.3,312.77,317.01,74593
2023-02-01,LIN,316.69,319.72,312.42,317.19,95713
2023-02-02,LIN,317.45,320.38,313.48,318.09,150160
2023-02-03,LIN,311.64,315.06,309.86,309.88,146344
2023-02-06,LIN,308.48,310.05,306.44,309.42,154699
2023-02-07,LIN,305.49,323.22,305.49,322.98,343017
2023-02-08,LIN,325.79,332.0,319.49,320.14,222087
2023-02-09,LIN,322.06,323.57,317.4,318.57,143593
2023-02-10,LIN,317.38,318.61,314.53,318.06,152792
2023-02-13,LIN,319.2,321.82,318.26,320.01,152183
2023-02-14,LIN,318.88,321.04,316.5,320.01,195574
2023-02-15,LIN,317.61,318.68,315.36,318.47,283607
2023-02-16,LIN,312.09,313.84,309.84,309.85,206808
2023-02-17,LIN,307.48,309.72,305.87,307.97,191397
2023-02-21,LIN,309.9,314.49,308.63,310.85,201323
2023-02-22,LIN,314.27,316.6,311.42,315.94,209372
2023-02-23,LIN,317.36,320.16,312.74,317.94,325789
2023-02-24,LIN,309.67,333.52,309.08,333.31,928624
2023-02-27,LIN,331.85,333.67,329.77,329.91,198308
2023-02-28,LIN,329.85,335.97,329.81,333.68,126006
2023-03-01,LIN,335.76,341.13,334.6,335.23,189474
2023-03-02,LIN,338.24,339.26,335.02,336.87,154380
2023-03-03,LIN,339.57,347.45,338.78,347.15,182036
2023-03-06,LIN,344.78,345.13,341.59,342.92,124830
2023-03-07,LIN,341.47,342.11,335.97,339.37,96421
2023-03-08,LIN,337.9,340.71,335.87,340.1,99168
2023-03-09,LIN,337.79,337.79,330.0,331.33,145236
2023-03-10,LIN,331.61,332.65,325.83,327.28,93099
2023-03-13,LIN,326.86,328.19,322.53,323.21,190265
2023-03-14,LIN,329.1,334.28,327.72,330.78,179507
2023-03-15,LIN,319.79,320.88,313.2,319.36,230258
2023-03-16,LIN,317.63,327.76,317.31,326.5,121759
2023-03-17,LIN,323.96,325.06,318.54,318.73,153128
2023-03-20,LIN,320.42,327.74,320.42,326.98,159808
2023-03-21,LIN,330.97,331.85,327.34,329.37,79953
2023-03-22,LIN,329.47,332.17,326.94,327.68,102865
2023-03-23,LIN,328.54,333.99,328.05,329.72,97605
2023-03-24,LIN,328.07,333.37,326.33,332.73,86475
2023-03-27,LIN,336.56,337.72,333.08,334.96,101458
2023-03-28,LIN,335.16,335.58,332.68,335.56,104550
2023-03-29,LIN,339.36,340.26,336.3,337.6,80550
2023-03-30,LIN,338.59,339.43,336.4,339.23,73871
2023-03-31,LIN,338.56,343.13,338.36,343.0,71191
2023-04-03,LIN,342.54,346.46,341.65,345.33,118945
2023-04-04,LIN,344.85,348.8,344.17,345.44,162796
2023-04-05,LIN,342.69,344.12,341.02,343.28,128700
2023-04-06,LIN,340.76,344.79,340.04,344.23,114065
2023-04-10,LIN,342.79,346.22,342.53,346.07,49083
2023-04-11,LIN,346.97,348.33,344.7,345.83,61560
2023-04-12,LIN,347.38,350.16,345.57,347.01,73604
2023-04-13,LIN,345.45,351.46,345.21,349.25,76414
2023-04-14,LIN,348.22,350.01,345.25,347.0,70147
2023-04-17,LIN,347.16,349.71,347.16,349.7,79308
2023-04-18,LIN,351.47,352.84,349.25,352.12,86959
2023-04-19,LIN,349.46,352.8,349.04,352.74,72671
2023-04-20,LIN,350.9,354.65,350.42,354.64,73077
2023-04-21,LIN,351.97,354.36,351.73,353.5,61350
2023-04-24,LIN,354.39,356.19,353.45,355.31,61417
2023-04-25,LIN,353.6,356.67,352.74,354.51,78903
2023-04-26,LIN,352.29,352.88,349.77,352.35,106970
2023-04-27,LIN,353.66,354.66,347.39,352.92,140353
2023-04-28,LIN,353.22,357.56,352.5,356.44,112521
2023-05-01,LIN,359.24,360.34,358.2,359.33,83912
2023-05-02,LIN,357.62,358.43,354.6,357.16,63520
2023-05-03,LIN,357.2,357.24,350.82,350.84,51410
2023-05-04,LIN,351.14,351.68,345.3,348.24,74579
2023-05-05,LIN,351.63,354.58,351.61,353.55,52259
2023-05-08,LIN,354.92,355.86,352.41,352.8,30896
2023-05-09,LIN,352.46,354.54,350.19,352.05,51415
2023-05-10,LIN,357.01,357.01,351.52,356.04,67174
2023-05-11,LIN,355.6,356.43,352.55,354.36,88706
2023-05-12,LIN,354.62,357.83,353.77,357.48,48147
2023-05-15,LIN,358.33,358.33,352.9,355.76,121399
2023-05-16,LIN,354.69,355.18,352.13,353.22,45364
2023-05-17,LIN,353.43,353.84,351.44,352.26,74673
2023-05-18,LIN,351.2,355.84,350.3,355.5,47934
2023-05-19,LIN,357.14,359.34,357.07,358.63,64601
2023-05-22,LIN,359.35,359.78,353.81,353.89,38514
2023-05-23,LIN,350.21,350.21,341.6,341.69,119785
2023-05-24,LIN,339.77,344.1,339.12,342.59,103342
2023-05-25,LIN,344.06,346.53,343.03,344.38,120407
2023-05-26,LIN,344.62,348.01,342.66,343.66,65862
2023-05-30,LIN,343.13,343.63,338.48,342.48,62961
2023-05-31,LIN,341.35,344.97,340.24,341.29,113423
2023-06-01,LIN,344.72,345.87,342.66,344.43,41201
2023-06-02,LIN,347.04,350.21,346.39,349.12,58389
2023-06-05,LIN,350.67,355.74,348.42,351.38,69279
2023-06-06,LIN,351.05,353.15,346.75,348.43,60295
2023-06-07,LIN,347.57,352.11,347.57,350.94,50569
2023-06-08,LIN,351.0,351.21,348.22,350.87,33652
2023-06-09,LIN,349.9,349.96,347.64,349.75,29029
2023-06-12,LIN,350.42,351.03,347.67,350.65,33014
2023-06-13,LIN,352.43,361.61,352.17,361.61,103969
2023-06-14,LIN,363.48,364.6,360.48,362.43,74963
2023-06-15,LIN,361.94,366.47,361.66,364.58,55067
2023-06-16,LIN,364.97,364.97,361.64,363.55,46989
2023-06-20,LIN,362.51,363.14,356.53,357.19,62327
2023-06-21,LIN,354.54,360.43,354.46,359.18,85050
2023-06-22,LIN,357.62,361.51,354.61,360.97,47973
2023-06-23,LIN,358.21,359.49,355.92,358.95,86752
2023-06-26,LIN,358.53,359.75,358.04,359.19,51365
2023-06-27,LIN,359.97,364.51,359.97,363.85,62872
2023-06-28,LIN,362.49,364.04,360.88,363.25,87994
2023-06-29,LIN,361.94,368.59,361.86,367.19,65441
2023-06-30,LIN,368.75,371.43,368.37,368.79,57337
2023-07-03,LIN,370.35,370.35,366.39,366.48,50775
2023-07-05,LIN,359.51,362.08,354.31,355.71,137047
2023-07-06,LIN,350.93,353.48,347.63,353.11,122332
2023-07-07,LIN,352.52,358.13,351.34,352.98,60227
2023-07-10,LIN,353.57,357.08,353.31,355.91,43453
2023-07-11,LIN,358.65,359.92,351.99,355.39,46641
2023-07-12,LIN,358.96,363.15,355.63,362.86,81600
2023-07-13,LIN,364.61,366.22,362.23,365.49,52451
2023-07-14,LIN,365.95,367.33,365.02,366.66,39900
2023-07-17,LIN,366.98,371.55,366.98,370.27,73072
2023-07-18,LIN,368.43,372.52,368.22,372.45,53822
2023-07-19,LIN,370.86,371.26,362.73,362.74,89331
2023-07-20,LIN,364.32,369.72,363.39,369.65,44146
2023-07-21,LIN,368.85,373.35,368.85,372.48,44631
2023-07-24,LIN,373.05,373.75,369.86,372.84,57246
2023-07-25,LIN,373.44,379.34,373.44,379.01,51275
2023-07-26,LIN,374.73,375.7,368.1,375.7,67114
2023-07-27,LIN,374.05,376.36,371.68,372.57,91651
2023-07-28,LIN,374.95,376.9,373.84,376.52,32641
2023-07-31,LIN,376.36,378.59,374.12,378.59,54561
2023-08-01,LIN,377.27,381.03,376.39,376.72,58252
2023-08-02,LIN,373.75,374.96,371.95,371.97,46653
2023-08-03,LIN,368.6,371.62,367.51,368.67,71585
2023-08-04,LIN,371.52,371.99,365.76,365.88,95635
2023-08-07,LIN,368.83,373.8,368.83,372.91,45504
2023-08-08,LIN,369.1,370.68,367.21,369.64,43137
2023-08-09,LIN,369.41,371.54,367.48,367.83,42455
2023-08-10,LIN,369.7,374.43,369.7,370.45,52197
2023-08-11,LIN,369.32,371.13,369.07,369.76,31652
2023-08-14,LIN,369.35,371.16,367.38,370.25,27217
2023-08-15,LIN,366.91,368.49,366.04,367.55,35942
2023-08-16,LIN,367.03,369.45,365.77,366.06,43301
2023-08-17,LIN,367.33,369.17,363.81,364.65,52033
2023-08-18,LIN,362.79,366.05,362.46,363.25,83204
2023-08-21,LIN,364.62,366.61,362.04,365.68,50563
2023-08-22,LIN,367.12,368.41,365.61,365.76,43862
2023-08-23,LIN,365.91,367.67,364.11,366.1,37354
2023-08-24,LIN,365.51,368.48,365.51,366.08,31765
2023-08-25,LIN,369.26,371.15,366.09,369.51,25673
2023-08-28,LIN,371.02,371.67,368.91,370.12,26153
2023-08-29,LIN,368.98,374.66,367.54,374.5,29861
2023-08-30,LIN,373.74,375.92,373.35,374.98,32890
2023-08-31,LIN,376.47,376.99,373.95,375.05,41549
2023-09-01,LIN,377.78,379.7,376.81,378.1,48829
2023-09-05,LIN,377.83,377.83,370.84,370.84,42094
2023-09-06,LIN,369.8,373.05,369.11,372.56,37006
2023-09-07,LIN,373.95,376.47,371.53,375.87,58016
2023-09-08,LIN,375.73,378.24,375.25,376.06,52200
2023-09-11,LIN,377.5,380.18,376.75,378.35,30500
2023-09-12,LIN,376.91,378.25,376.12,377.27,59761
2023-09-13,LIN,375.12,377.26,373.63,374.41,72220
2023-09-14,LIN,376.6,379.86,375.25,378.91,62560
2023-09-15,LIN,378.41,382.16,375.36,376.98,47558
2023-09-18,LIN,376.85,378.01,374.79,376.66,33918
2023-09-19,LIN,376.98,379.19,375.01,379.19,58601
2023-09-20,LIN,377.79,377.79,368.02,368.36,105009
2023-09-21,LIN,366.66,366.79,361.94,361.94,62481
2023-09-22,LIN,360.34,365.22,360.34,362.51,59126
2023-09-25,LIN,360.53,366.31,358.87,366.0,55638
2023-09-26,LIN,363.36,364.61,358.67,360.74,55535
2023-09-27,LIN,360.4,363.41,359.75,361.48,52240
2023-09-28,LIN,362.05,366.01,361.23,362.89,49554
2023-09-29,LIN,364.95,366.17,361.64,361.95,60390
2023-10-02,LIN,359.6,360.63,356.36,359.9,46536
2023-10-03,LIN,358.77,365.86,358.75,362.33,50237
2023-10-04,LIN,362.98,369.21,362.68,368.0,55432
2023-10-05,LIN,369.37,370.11,356.86,359.54,79294
2023-10-06,LIN,360.19,364.43,356.9,363.21,53878
2023-10-09,LIN,360.18,363.85,359.3,363.1,38357
2023-10-10,LIN,365.37,370.89,365.0,368.24,70397
2023-10-11,LIN,368.88,370.81,366.84,368.07,50975
2023-10-12,LIN,370.15,370.29,364.83,367.14,56793
2023-10-13,LIN,368.3,371.6,365.7,367.28,48333
2023-10-16,LIN,367.87,373.46,367.87,368.44,82622
2023-10-17,LIN,366.66,371.43,366.66,370.37,52153
2023-10-18,LIN,368.25,368.25,360.61,360.98,80874
2023-10-19,LIN,360.67,362.91,358.58,360.17,77091
2023-10-20,LIN,359.11,360.98,355.7,355.97,59720
2023-10-23,LIN,354.27,358.14,351.04,355.1,67533
2023-10-24,LIN,356.68,358.87,354.84,356.98,65922
2023-10-25,LIN,357.81,359.01,352.24,354.24,91129
2023-10-26,LIN,358.07,363.75,356.13,359.59,90480
2023-10-27,LIN,358.71,365.43,358.71,360.26,92448
2023-10-30,LIN,364.07,368.74,363.5,368.39,56265
2023-10-31,LIN,367.6,373.17,366.44,371.36,67553
2023-11-01,LIN,371.44,376.58,370.82,376.17,57124
2023-11-02,LIN,377.95,380.52,376.61,378.77,62444
2023-11-03,LIN,379.27,384.0,377.84,381.54,49905
2023-11-06,LIN,381.05,382.35,379.61,382.0,102763
2023-11-07,LIN,378.46,379.67,374.4,378.34,99698
2023-11-08,LIN,379.86,382.93,378.33,381.14,90073
2023-11-09,LIN,382.31,383.26,379.53,379.78,77253
2023-11-10,LIN,381.09,388.91,381.09,388.5,86726
2023-11-13,LIN,385.29,390.61,384.71,388.48,98799
2023-11-14,LIN,389.47,395.19,389.36,392.43,66935
2023-11-15,LIN,392.76,394.65,391.19,391.5,38165
2023-11-16,LIN,391.89,397.44,391.31,397.02,75040
2023-11-17,LIN,397.28,398.05,395.15,396.5,41933
2023-11-20,LIN,395.91,398.49,394.92,396.95,50801
2023-11-21,LIN,398.88,402.81,398.7,400.4,70931
2023-11-22,LIN,399.88,400.76,396.74,400.06,46112
2023-11-24,LIN,400.81,404.3,400.47,402.67,43854
2023-11-27,LIN,402.0,402.08,398.65,401.28,83762
2023-11-28,LIN,400.3,402.14,398.58,399.31,45389
2023-11-29,LIN,400.91,403.48,399.41,399.98,74606
2023-11-30,LIN,399.09,404.13,398.56,402.32,82935
2023-12-01,LIN,401.78,404.61,399.74,401.26,70386
2023-12-04,LIN,399.0,400.54,395.91,396.53,85054
2023-12-05,LIN,395.61,396.16,392.28,393.86,82782
2023-12-06,LIN,393.49,393.81,388.55,390.28,69316
2023-12-07,LIN,390.19,391.25,387.65,388.62,63618
2023-12-08,LIN,388.58,391.47,388.09,391.2,71568
2023-12-11,LIN,389.84,398.01,389.84,398.01,89131
2023-12-12,LIN,415.3,423.32,409.82,415.86,288859
2023-12-13,LIN,396.0,403.66,395.16,398.63,186977
2023-12-14,LIN,396.99,400.67,395.65,399.52,108979
2023-12-15,LIN,397.69,400.56,394.78,396.84,92237
2023-12-18,LIN,401.66,402.62,397.58,398.83,75006
2023-12-19,LIN,401.26,403.79,400.35,401.84,71369
2023-12-20,LIN,401.3,401.46,395.81,396.03,77577
2023-12-21,LIN,398.69,399.05,396.52,398.81,54063
2023-12-22,LIN,400.69,401.66,398.73,400.5,39111
2023-12-26,LIN,400.33,401.11,399.39,399.73,22009
2023-12-27,LIN,398.36,400.98,398.02,400.91,42638
2023-12-28,LIN,400.33,400.56,399.08,399.7,45675
2023-12-29,LIN,398.53,401.56,397.73,400.45,30354
2024-01-02,LIN,399.47,401.23,396.57,399.32,80957
2024-01-03,LIN,395.57,399.46,395.47,398.57,43411
2024-01-04,LIN,397.62,401.09,397.41,398.35,49316
2024-01-05,LIN,399.24,399.98,396.15,398.75,42199
2024-01-08,LIN,397.75,398.4,394.35,397.98,64725
2024-01-09,LIN,396.99,397.17,394.37,396.39,54785
2024-01-10,LIN,394.47,395.78,394.17,395.66,56085
2024-01-11,LIN,395.88,396.42,391.82,395.88,54237
2024-01-12,LIN,398.87,398.87,395.37,398.56,35645
2024-01-16,LIN,397.17,400.2,395.92,396.35,59247
2024-01-17,LIN,394.09,397.1,393.79,396.67,151831
2024-01-18,LIN,396.51,398.14,393.69,397.6,79472
2024-01-19,LIN,396.79,397.56,394.29,397.16,80118
2024-01-22,LIN,392.69,396.87,392.69,396.2,83547
2024-01-23,LIN,395.21,397.94,392.44,397.6,56906
2024-01-24,LIN,397.2,398.07,390.97,391.19,71051
2024-01-25,LIN,390.7,393.35,390.5,393.32,85667
2024-01-26,LIN,394.16,395.05,391.9,393.79,45039
2024-01-29,LIN,394.62,395.5,392.29,395.5,57298
2024-01-30,LIN,395.91,400.23,395.4,397.52,65077
2024-01-31,LIN,399.9,399.91,393.64,394.53,73305
2024-02-01,LIN,397.19,399.52,395.16,398.48,74223
2024-02-02,LIN,397.78,398.56,394.21,396.81,88013
2024-02-05,LIN,386.71,391.88,386.48,390.14,176206
2024-02-06,LIN,404.47,409.69,401.51,405.21,176389
2024-02-07,LIN,409.22,413.16,405.08,406.44,101500
2024-02-08,LIN,408.31,408.31,403.26,403.81,89879
2024-02-09,LIN,402.96,409.22,402.53,408.74,53076
2024-02-12,LIN,409.96,410.2,407.7,409.14,68322
2024-02-13,LIN,408.55,408.93,403.89,405.82,59463
2024-02-14,LIN,408.31,409.69,406.64,407.83,50196
2024-02-15,LIN,409.46,418.39,409.45,418.11,102763
2024-02-16,LIN,420.44,423.75,420.08,420.76,106389
2024-02-20,LIN,424.48,428.29,423.49,425.08,84318
2024-02-21,LIN,426.1,428.72,423.97,428.43,68048
2024-02-22,LIN,430.28,436.55,428.44,435.94,69364
2024-02-23,LIN,436.37,437.28,434.43,436.52,56999
2024-02-26,LIN,436.27,436.27,433.5,433.71,49733
2024-02-27,LIN,431.99,433.79,430.78,433.79,70896
2024-02-28,LIN,432.59,440.39,432.42,439.69,80605
2024-02-29,LIN,441.2,441.65,434.11,437.15,85763
2024-03-01,LIN,436.17,439.39,436.09,437.94,91644
2024-03-04,LIN,438.21,445.06,437.71,444.18,93789
2024-03-05,LIN,445.65,451.34,445.4,449.28,82520
2024-03-06,LIN,449.12,453.28,448.87,451.92,71937
2024-03-07,LIN,454.31,455.9,450.05,453.76,85656
2024-03-08,LIN,453.73,454.18,450.55,450.94,120354
2024-03-11,LIN,461.4,461.64,455.16,457.71,419867
2024-03-12,LIN,456.11,461.23,455.57,459.79,201162
2024-03-13,LIN,460.23,467.08,460.17,464.5,118184
2024-03-14,LIN,464.55,466.23,462.61,463.42,183106
2024-03-15,LIN,462.1,463.12,456.15,457.41,417523
2024-03-18,LIN,458.57,465.1,455.31,455.69,145480
2024-03-19,LIN,456.8,457.75,454.64,456.13,79642
2024-03-20,LIN,455.64,457.77,454.92,456.41,77375
2024-03-21,LIN,454.9,458.17,453.15,455.87,86293
2024-03-22,LIN,454.65,458.66,452.35,457.97,70400
2024-03-25,LIN,457.15,457.84,454.32,456.54,66879
2024-03-26,LIN,454.91,457.91,454.91,457.33,63210
2024-03-27,LIN,451.14,456.71,451.14,455.93,82855
2024-03-28,LIN,453.72,455.48,452.34,453.88,78014
2024-04-01,LIN,455.58,455.78,451.66,452.93,37271
2024-04-02,LIN,452.02,453.82,450.7,451.08,81458
2024-04-03,LIN,452.06,453.88,450.18,452.4,52239
2024-04-04,LIN,452.92,456.46,445.83,447.15,86410
2024-04-05,LIN,447.19,455.36,447.07,454.1,63530
2024-04-08,LIN,452.48,452.48,449.48,451.33,59845
2024-04-09,LIN,450.36,451.39,443.66,447.68,57435
2024-04-10,LIN,443.37,443.56,439.88,440.29,93131
2024-04-11,LIN,440.58,445.73,438.4,442.93,65419
2024-04-12,LIN,440.05,441.43,434.59,437.41,57862
2024-04-15,LIN,440.87,443.54,434.15,434.98,62424
2024-04-16,LIN,436.16,436.56,433.18,436.56,73459
2024-04-17,LIN,438.1,439.02,434.27,436.68,64592
2024-04-18,LIN,440.42,440.99,435.88,436.56,47422
2024-04-19,LIN,441.17,441.18,434.35,436.4,62455
2024-04-22,LIN,434.48,438.93,432.11,437.11,58547
2024-04-23,LIN,436.44,437.68,434.26,435.33,51467
2024-04-24,LIN,427.8,434.72,424.6,434.4,79707
2024-04-25,LIN,432.66,435.33,429.43,434.1,96344
2024-04-26,LIN,430.38,435.69,430.38,433.42,74143
2024-04-29,LIN,435.71,437.67,432.46,435.19,47987
2024-04-30,LIN,434.57,434.57,430.49,431.1,84266
2024-05-01,LIN,435.0,439.39,432.65,433.11,90993
2024-05-02,LIN,416.35,416.35,404.91,410.37,223441
2024-05-03,LIN,410.54,416.27,409.41,414.29,133104
2024-05-06,LIN,417.29,417.83,414.04,416.85,54380
2024-05-07,LIN,419.55,422.36,418.24,420.52,81823
2024-05-08,LIN,420.79,420.97,417.44,418.15,65814
2024-05-09,LIN,420.43,421.29,418.8,420.41,86740
2024-05-10,LIN,421.92,425.13,421.92,424.79,49486
2024-05-13,LIN,425.69,427.26,424.22,425.33,45866
2024-05-14,LIN,425.29,425.29,420.79,422.47,40462
2024-05-15,LIN,424.85,424.85,420.27,421.1,47464
2024-05-16,LIN,422.33,422.33,418.4,420.06,76854
2024-05-17,LIN,421.08,423.67,420.53,423.09,39711
2024-05-20,LIN,422.67,423.27,421.63,423.12,38314
2024-05-21,LIN,421.99,427.21,421.99,425.55,36306
2024-05-22,LIN,426.52,426.67,422.73,425.21,62444
2024-05-23,LIN,426.5,427.19,422.18,422.53,46565
2024-05-24,LIN,424.11,427.68,424.11,425.69,36618
2024-05-28,LIN,421.5,423.24,417.69,420.51,58151
2024-05-29,LIN,416.0,418.67,414.51,416.89,46354
2024-05-30,LIN,416.84,420.77,416.25,420.7,33294
2024-05-31,LIN,420.27,426.27,418.06,426.07,113467
2024-06-03,LIN,424.58,425.95,421.07,424.74,53539
2024-06-04,LIN,422.32,425.46,420.55,423.0,85070
2024-06-05,LIN,423.11,427.05,421.42,426.74,79109
2024-06-06,LIN,427.49,427.49,423.91,425.56,36648
2024-06-07,LIN,425.19,429.69,423.68,425.46,81023
2024-06-10,LIN,424.71,425.49,423.41,423.74,41131
2024-06-11,LIN,420.04,427.38,418.99,427.17,46451
2024-06-12,LIN,429.52,431.71,425.64,425.81,68014
2024-06-13,LIN,422.73,432.23,422.72,431.32,72884
2024-06-14,LIN,428.58,429.77,425.98,428.58,69079
2024-06-17,LIN,428.34,434.76,426.98,432.33,91217
2024-06-18,LIN,431.82,432.23,427.22,431.7,44446
2024-06-20,LIN,430.64,436.73,430.59,434.29,57193
2024-06-21,LIN,434.35,435.14,431.76,434.34,47657
2024-06-24,LIN,436.93,437.68,433.83,434.65,34407
2024-06-25,LIN,435.16,436.31,432.04,432.84,25340
2024-06-26,LIN,431.24,432.07,428.02,430.35,72079
2024-06-27,LIN,432.12,432.78,429.23,431.93,52860
2024-06-28,LIN,431.4,433.6,429.83,430.39,62639
2024-07-01,LIN,430.77,432.11,417.35,420.67,130708
2024-07-02,LIN,419.84,422.01,416.65,421.95,61284
2024-07-03,LIN,421.66,425.4,421.66,424.42,28415
2024-07-05,LIN,424.34,427.5,421.27,427.33,37056
2024-07-08,LIN,429.34,429.34,426.22,427.47,50096
2024-07-09,LIN,426.2,427.24,422.61,422.99,53615
2024-07-10,LIN,424.01,427.64,422.28,426.8,62776
2024-07-11,LIN,426.71,429.73,425.67,426.76,42373
2024-07-12,LIN,428.88,435.82,428.88,432.38,69284
2024-07-15,LIN,432.0,432.09,429.19,429.78,56777
2024-07-16,LIN,429.79,439.31,429.79,437.02,62114
2024-07-17,LIN,438.96,442.95,438.23,440.76,53517
2024-07-18,LIN,437.88,442.12,437.44,437.46,34055
2024-07-19,LIN,436.51,436.6,433.54,436.45,65446
2024-07-22,LIN,438.46,440.1,436.55,437.43,49488
2024-07-23,LIN,439.51,439.84,437.15,438.58,31457
2024-07-24,LIN,439.57,440.61,434.4,435.45,89319
2024-07-25,LIN,437.59,439.7,433.7,434.54,53982
2024-07-26,LIN,435.59,443.94,435.14,442.61,72633
2024-07-29,LIN,442.52,444.44,440.64,441.46,36912
2024-07-30,LIN,443.82,447.6,442.19,442.19,53922
2024-07-31,LIN,445.87,449.25,444.65,444.84,70037
2024-08-01,LIN,448.05,450.51,441.47,444.34,92105
2024-08-02,LIN,440.61,448.23,435.43,445.12,172181
2024-08-05,LIN,444.54,446.32,432.94,435.24,128311
2024-08-06,LIN,435.79,442.46,435.64,436.95,82786
2024-08-07,LIN,441.37,442.15,433.02,433.02,90054
2024-08-08,LIN,433.43,439.21,433.07,438.97,63069
2024-08-09,LIN,437.46,439.52,434.16,438.51,43899
2024-08-12,LIN,438.91,439.82,436.68,438.08,56104
2024-08-13,LIN,440.08,441.49,437.25,441.02,50201
2024-08-14,LIN,443.3,443.37,440.83,442.4,60749
2024-08-15,LIN,443.13,447.91,443.13,447.39,45468
2024-08-16,LIN,447.13,448.5,443.84,448.34,52106
2024-08-19,LIN,448.6,449.99,447.54,449.76,52380
2024-08-20,LIN,449.93,452.07,448.01,449.5,48292
2024-08-21,LIN,450.85,453.2,449.74,452.8,63450
2024-08-22,LIN,452.68,455.25,451.14,452.91,61390
2024-08-23,LIN,454.85,457.49,452.87,456.86,68759
2024-08-26,LIN,457.39,460.77,456.7,459.46,48955
2024-08-27,LIN,461.18,463.46,459.98,463.46,42046
2024-08-28,LIN,463.33,466.11,462.01,463.74,52279
2024-08-29,LIN,463.9,467.46,461.48,463.73,67818
2024-08-30,LIN,466.54,470.36,463.04,468.86,49580
2024-09-03,LIN,464.96,469.34,463.86,465.14,114145
2024-09-04,LIN,467.98,469.56,463.96,464.39,64599
2024-09-05,LIN,463.22,463.22,455.77,457.73,87677
2024-09-06,LIN,456.15,459.63,449.09,449.39,105941
2024-09-09,LIN,452.39,457.92,452.09,455.69,77947
2024-09-10,LIN,454.59,457.46,453.67,456.15,95499
2024-09-11,LIN,455.85,458.27,446.32,457.49,91557
2024-09-12,LIN,458.75,459.8,455.02,459.8,83677
2024-09-13,LIN,458.19,464.14,458.19,461.27,74950
2024-09-16,LIN,466.06,467.59,462.81,467.31,79895
2024-09-17,LIN,467.72,469.23,462.95,464.03,92497
2024-09-18,LIN,463.3,463.31,457.86,459.34,65509
2024-09-19,LIN,464.26,465.39,461.14,461.66,83713
2024-09-20,LIN,460.6,464.31,459.25,464.21,87886
2024-09-23,LIN,466.98,471.16,464.75,469.56,66750
2024-09-24,LIN,470.18,472.88,467.92,471.66,47510
2024-09-25,LIN,472.82,473.25,468.0,469.4,57635
2024-09-26,LIN,471.27,474.2,469.18,473.88,53579
2024-09-27,LIN,472.56,475.18,471.58,471.65,49693
2024-09-30,LIN,470.97,470.97,466.62,468.95,67231
2024-10-01,LIN,468.63,470.05,466.46,467.37,74253
2024-10-02,LIN,466.42,469.71,465.32,468.14,43083
2024-10-03,LIN,463.8,465.09,460.67,462.14,73313
2024-10-04,LIN,461.82,462.32,457.36,460.46,113345
2024-10-07,LIN,457.06,458.71,453.31,455.59,139397
2024-10-08,LIN,457.95,462.45,457.95,461.85,84256
2024-10-09,LIN,459.76,462.85,459.76,461.94,97943
2024-10-10,LIN,463.7,464.77,460.32,461.8,68439
2024-10-11,LIN,464.43,466.83,463.52,466.34,84952
2024-10-14,LIN,466.23,470.4,466.23,469.96,56508
2024-10-15,LIN,470.19,475.29,470.01,472.93,100949
2024-10-16,LIN,471.03,477.39,471.03,476.13,73005
2024-10-17,LIN,478.52,479.35,476.73,478.23,88995
2024-10-18,LIN,475.51,479.34,474.42,478.51,42333
2024-10-21,LIN,476.95,477.27,473.67,475.54,46316
2024-10-22,LIN,474.2,474.43,470.44,474.2,49712
2024-10-23,LIN,471.32,473.83,469.21,469.68,84574
2024-10-24,LIN,470.41,470.41,464.14,466.73,61607
2024-10-25,LIN,467.43,470.79,465.4,466.27,53653
2024-10-28,LIN,467.24,470.03,466.17,468.34,71459
2024-10-29,LIN,466.78,468.44,465.17,467.12,109168
2024-10-30,LIN,466.08,467.28,464.85,466.2,98707
2024-10-31,LIN,448.56,454.98,447.23,448.76,217250
2024-11-01,LIN,448.48,451.75,446.16,449.94,143919
2024-11-04,LIN,450.42,453.88,448.94,451.12,67681
2024-11-05,LIN,449.33,453.36,446.91,447.15,91085
2024-11-06,LIN,455.71,458.15,451.08,455.05,166952
2024-11-07,LIN,457.13,460.16,456.25,457.94,81558
2024-11-08,LIN,457.48,457.88,452.02,452.16,86895
2024-11-11,LIN,450.9,454.9,448.02,448.77,99861
2024-11-12,LIN,451.14,452.84,446.29,448.33,73939
2024-11-13,LIN,446.81,449.89,443.89,449.03,67802
2024-11-14,LIN,448.04,450.44,445.9,446.18,91539
2024-11-15,LIN,443.4,443.95,439.76,441.72,126424
2024-11-18,LIN,439.25,441.87,438.99,441.28,96997
2024-11-19,LIN,436.86,437.18,432.73,436.78,108833
2024-11-20,LIN,436.04,443.55,434.93,442.87,89599
2024-11-21,LIN,444.51,447.71,442.53,447.65,134660
2024-11-22,LIN,447.06,449.74,446.21,447.41,103808
2024-11-25,LIN,446.74,449.41,445.87,448.23,89351
2024-11-26,LIN,446.64,449.24,444.2,449.1,76729
2024-11-27,LIN,449.6,452.1,449.33,449.85,71301
2024-11-29,LIN,449.81,454.12,449.73,453.57,43921
2024-12-02,LIN,451.57,452.98,449.12,452.19,61057
2024-12-03,LIN,455.36,455.4,450.55,452.08,76750
2024-12-04,LIN,451.19,455.15,449.83,453.43,115828
2024-12-05,LIN,450.66,450.66,442.11,442.79,112896
2024-12-06,LIN,442.57,444.84,441.46,443.26,81757
2024-12-09,LIN,442.05,444.67,436.37,436.73,127949
2024-12-10,LIN,438.86,440.18,431.91,438.85,90736
2024-12-11,LIN,436.52,439.39,434.36,434.51,76124
2024-12-12,LIN,434.33,436.38,432.22,432.59,91991
2024-12-13,LIN,430.61,431.8,427.45,429.48,92463
2024-12-16,LIN,429.68,429.68,421.79,422.54,112924
2024-12-17,LIN,422.23,427.47,420.83,424.48,147711
2024-12-18,LIN,423.78,425.29,416.56,416.61,113118
2024-12-19,LIN,416.66,419.55,413.8,414.03,147851
2024-12-20,LIN,413.49,419.59,412.99,419.23,101993
2024-12-23,LIN,416.8,419.97,416.64,416.64,11720
2024-12-24,LIN,416.7,420.42,415.79,419.98,28598
2024-12-26,LIN,418.32,420.85,417.82,418.64,38194
2024-12-27,LIN,417.98,420.33,416.04,417.56,59662
2024-12-30,LIN,413.42,414.21,410.06,412.01,67527
2024-12-31,LIN,414.55,414.55,410.65,413.2,46632
2025-01-02,LIN,415.58,415.91,408.47,408.66,75128
2025-01-03,LIN,410.79,410.79,407.67,408.0,61549
2025-01-06,LIN,409.53,412.74,406.74,407.22,86980
2025-01-07,LIN,407.04,413.39,406.56,409.42,116142
2025-01-08,LIN,411.44,414.85,409.24,414.35,98009
2025-01-10,LIN,410.12,412.06,406.51,408.63,126473
2025-01-13,LIN,409.87,416.83,408.29,415.84,163881
2025-01-14,LIN,416.23,422.05,415.46,421.87,91605
2025-01-15,LIN,427.22,427.91,420.92,422.24,99286
2025-01-16,LIN,423.63,426.89,422.58,426.63,89659
2025-01-17,LIN,433.64,433.64,428.42,430.24,78830
2025-01-21,LIN,433.64,438.16,433.64,436.49,74532
2025-01-22,LIN,439.72,442.14,436.65,436.79,154296
2025-01-23,LIN,436.17,436.35,434.83,435.02,100569
2025-01-24,LIN,436.97,437.36,433.34,433.34,74411
2025-01-27,LIN,431.93,435.32,429.44,433.86,127322
2025-01-28,LIN,433.29,434.23,429.54,429.76,89829
2025-01-29,LIN,429.26,433.07,428.91,432.29,118460
2025-01-30,LIN,433.6,443.58,433.58,440.45,120463
2025-01-31,LIN,438.36,442.25,433.76,440.09,129071
2025-02-03,LIN,439.22,448.74,435.26,448.38,92447
2025-02-04,LIN,448.51,452.67,447.65,448.74,117883
2025-02-05,LIN,447.5,448.85,445.08,448.04,137839
2025-02-06,LIN,444.21,455.2,444.21,455.11,134392
2025-02-07,LIN,450.85,451.58,446.69,449.05,82005
2025-02-10,LIN,450.69,455.0,447.58,454.83,106736
2025-02-11,LIN,454.09,456.37,453.35,454.81,110305
2025-02-12,LIN,451.45,453.9,448.56,452.79,104105
2025-02-13,LIN,451.56,456.44,451.56,454.81,151411
2025-02-14,LIN,455.07,457.86,450.72,450.72,102073
2025-02-18,LIN,449.47,459.84,444.93,459.64,150738
2025-02-19,LIN,454.71,459.45,454.71,455.84,102183
2025-02-20,LIN,453.69,455.94,452.54,455.84,89292
2025-02-21,LIN,456.93,458.99,451.58,452.05,114263
2025-02-24,LIN,451.83,457.82,450.56,452.57,118992
2025-02-25,LIN,453.98,462.61,453.98,461.49,98958
2025-02-26,LIN,460.16,461.08,455.26,455.44,79241
2025-02-27,LIN,456.98,462.0,453.82,454.25,86720
2025-02-28,LIN,460.88,461.8,454.77,460.85,87755
2025-03-03,LIN,462.95,465.47,455.09,455.74,94044
2025-03-04,LIN,462.41,462.41,454.07,455.07,142631
2025-03-05,LIN,455.13,464.04,455.11,461.95,116430
2025-03-06,LIN,460.84,463.9,457.26,459.81,142079
2025-03-07,LIN,460.0,463.57,457.34,462.34,108512
2025-03-10,LIN,459.22,464.6,452.17,455.96,185934
2025-03-11,LIN,454.68,455.46,445.46,448.03,162603
2025-03-12,LIN,445.48,448.7,442.97,444.98,162896
2025-03-13,LIN,444.63,450.36,443.75,448.82,128597
2025-03-14,LIN,450.55,453.34,448.71,450.87,98246
2025-03-17,LIN,448.23,457.56,448.23,455.88,90172
2025-03-18,LIN,458.04,458.04,453.32,456.31,89182
2025-03-19,LIN,454.58,456.82,451.15,455.01,113642
2025-03-20,LIN,451.05,455.44,451.01,453.18,86274
2025-03-21,LIN,449.3,454.03,445.14,453.82,110347
2025-03-24,LIN,451.47,457.16,450.91,454.26,74028
2025-03-25,LIN,454.38,454.43,450.46,452.72,87164
2025-03-26,LIN,454.06,458.31,454.06,456.82,78890
2025-03-27,LIN,456.68,461.72,454.86,459.95,46976
2025-03-28,LIN,461.3,461.75,454.28,454.33,46387
2025-03-31,LIN,454.57,463.35,454.22,460.94,71613
2025-04-01,LIN,458.78,462.84,456.91,462.31,85340
2025-04-02,LIN,458.89,465.47,458.49,464.99,75320
2025-04-03,LIN,462.58,467.31,461.01,462.52,150097
2025-04-04,LIN,460.03,465.33,432.77,433.41,201404
2025-04-07,LIN,425.2,436.21,413.68,422.03,167665
2025-04-08,LIN,426.54,428.34,404.63,409.17,177204
2025-04-09,LIN,409.23,442.9,409.23,441.46,165103
2025-04-10,LIN,436.61,439.42,422.91,427.41,180631
2025-04-11,LIN,432.83,445.02,428.72,437.38,171803
2025-04-14,LIN,438.63,443.68,437.61,441.59,78828
2025-04-15,LIN,444.88,449.61,443.86,446.63,106126
2025-04-16,LIN,446.19,450.14,441.1,443.54,77306
2025-04-17,LIN,446.89,450.38,445.35,447.48,91915
2025-04-21,LIN,446.89,447.67,436.04,439.45,67191
2025-04-22,LIN,443.65,450.72,443.56,449.86,47747
2025-04-23,LIN,449.94,453.05,441.52,443.41,96659
2025-04-24,LIN,443.42,446.65,438.27,444.9,71770
2025-04-25,LIN,442.55,444.58,439.18,443.66,81421
2025-04-28,LIN,441.9,446.29,440.05,443.46,66428
2025-04-29,LIN,443.29,447.64,442.72,446.01,70192
2025-04-30,LIN,444.9,450.31,440.73,448.43,85401
2025-05-01,LIN,433.09,446.05,431.55,443.31,125841
2025-05-02,LIN,450.29,452.46,448.14,450.14,54951
2025-05-05,LIN,448.87,450.65,445.73,447.95,40955
2025-05-06,LIN,447.69,447.69,441.97,442.99,39930
2025-05-07,LIN,443.52,449.47,440.69,445.3,75219
2025-05-08,LIN,445.46,453.06,445.46,448.57,54105
2025-05-09,LIN,450.45,450.45,446.26,448.02,51634
2025-05-12,LIN,450.68,453.43,448.01,449.29,66270
2025-05-13,LIN,449.41,451.3,446.09,446.26,43561
2025-05-14,LIN,443.4,443.66,435.44,441.46,74011
2025-05-15,LIN,441.87,450.4,441.85,449.36,72759
2025-05-16,LIN,449.47,453.75,448.21,453.15,69009
2025-05-19,LIN,453.02,456.94,451.29,455.65,65758
2025-05-20,LIN,456.7,456.7,453.45,455.35,59149
2025-05-21,LIN,452.85,454.14,449.45,451.32,73658
2025-05-22,LIN,450.99,454.34,449.17,453.79,56510
2025-05-23,LIN,451.39,455.89,450.0,454.44,77783
2025-05-27,LIN,458.62,463.48,458.17,462.96,81366
2025-05-28,LIN,461.23,462.4,457.61,457.95,117371
2025-05-29,LIN,458.91,460.33,456.69,459.43,56311
2025-05-30,LIN,461.91,464.06,456.63,462.83,89520
2025-06-02,LIN,460.54,461.57,456.89,459.91,89336
2025-06-03,LIN,457.9,467.47,457.41,467.27,81835
2025-06-04,LIN,467.93,472.09,465.8,470.7,75656
2025-06-05,LIN,468.42,470.14,466.22,467.1,62838
2025-06-06,LIN,471.12,471.85,468.13,469.74,41764
2025-06-09,LIN,468.75,472.58,465.43,469.23,48307
2025-06-10,LIN,469.17,472.53,468.85,472.32,56984
2025-06-11,LIN,471.04,471.04,464.32,465.36,116183
2025-06-12,LIN,464.82,468.89,463.41,467.26,81876
2025-06-13,LIN,466.74,469.33,462.03,462.18,62171
2025-06-16,LIN,463.74,466.13,461.83,462.97,54741
2025-06-17,LIN,461.9,462.08,457.42,457.82,51901
2025-06-18,LIN,457.21,459.03,455.26,455.26,51611
2025-06-20,LIN,458.64,458.64,452.42,452.82,47678
2025-06-23,LIN,453.33,456.82,450.14,456.66,42801
2025-06-24,LIN,456.25,460.77,456.0,460.1,43089
2025-06-25,LIN,457.44,460.61,456.66,457.11,44516
2025-06-26,LIN,457.83,462.67,456.16,461.58,75166
2025-06-27,LIN,461.37,464.1,458.85,460.33,80700
2025-06-30,LIN,460.92,466.84,460.7,465.88,49991
2025-07-01,LIN,466.74,474.44,466.37,473.43,88389
2025-07-02,LIN,472.89,475.4,471.23,473.75,77820
2025-07-03,LIN,471.31,473.14,471.21,472.13,40755
2025-07-07,LIN,469.01,470.28,464.95,466.28,112495
2025-07-08,LIN,466.19,468.55,464.37,466.65,103498
2025-07-09,LIN,470.31,472.49,464.65,467.87,41957
2025-07-10,LIN,468.55,468.55,465.9,467.07,57539
2025-07-11,LIN,464.99,466.17,461.48,465.62,53560
2025-07-14,LIN,463.99,466.63,463.57,465.42,33336
2025-07-15,LIN,462.68,462.89,457.33,457.54,38538
2025-07-16,LIN,457.55,458.12,453.22,456.41,57712
2025-07-17,LIN,455.97,458.81,454.2,458.35,48438
2025-07-18,LIN,459.74,462.17,458.21,461.76,44116
2025-07-21,LIN,462.61,472.75,462.61,467.23,54596
2025-07-22,LIN,468.25,472.94,465.84,469.05,45219
2025-07-23,LIN,469.34,469.8,466.63,466.84,42619
2025-07-24,LIN,463.46,468.54,461.05,468.38,45697
2025-07-25,LIN,469.0,470.24,465.81,469.89,54410
2025-07-28,LIN,464.42,467.88,463.11,464.22,45936
2025-07-29,LIN,466.67,468.4,464.21,468.4,47653
2025-07-30,LIN,467.26,469.08,462.18,462.96,58895
2025-07-31,LIN,455.58,463.96,455.58,457.26,77978
2025-08-01,LIN,455.53,459.2,447.14,456.32,95521
2025-08-04,LIN,457.43,465.11,457.43,463.98,72920
2025-08-05,LIN,465.16,467.68,463.29,466.58,66442
2025-08-06,LIN,467.85,469.97,466.44,468.29,52567
2025-08-07,LIN,469.94,471.89,464.42,465.9,37651
2025-08-08,LIN,465.5,469.9,465.5,469.11,27616
2025-08-11,LIN,468.27,469.41,463.39,467.12,41849
2025-08-12,LIN,467.13,470.99,467.13,469.92,47728
2025-08-13,LIN,470.66,472.75,465.4,472.32,54592
2025-08-14,LIN,470.13,475.12,470.05,474.25,59163
2025-08-15,LIN,476.57,479.31,475.44,476.74,43896
2025-08-18,LIN,476.18,476.76,473.95,475.12,39159
2025-08-19,LIN,475.1,479.4,473.75,476.8,50578
2025-08-20,LIN,478.87,482.97,478.26,479.02,39361
2025-08-21,LIN,477.6,479.38,477.02,477.28,36963
2025-08-22,LIN,479.37,482.12,476.58,478.24,52167
2025-08-25,LIN,478.62,479.57,473.44,474.82,46830
2025-08-26,LIN,473.05,478.62,473.05,478.59,41205
2025-08-27,LIN,476.36,480.38,476.36,479.28,31856
2025-08-28,LIN,479.67,479.67,476.12,478.83,32756
2025-08-29,LIN,478.89,479.79,474.5,474.86,64575
2025-09-02,LIN,471.46,473.84,469.56,470.84,36364
2025-09-03,LIN,467.87,470.85,467.87,468.39,32276
2025-09-04,LIN,467.8,470.99,467.8,470.71,32416
2025-09-05,LIN,470.27,472.54,465.28,467.88,29942
2025-09-08,LIN,468.04,473.04,465.28,473.02,49491
2025-09-09,LIN,472.55,472.73,469.01,471.9,69008
2025-09-10,LIN,470.56,472.78,468.25,471.02,36970
2025-09-11,LIN,473.04,482.36,472.14,481.93,67799
2025-09-12,LIN,481.13,481.75,478.77,480.24,41706
2025-09-15,LIN,479.89,480.21,473.9,474.99,28502
2025-09-16,LIN,475.4,476.49,469.18,469.6,41724
2025-09-17,LIN,471.57,479.28,470.68,478.19,45879
2025-09-18,LIN,476.99,476.99,470.13,474.49,44422
2025-09-19,LIN,475.25,478.99,472.55,476.98,46547
2025-09-22,LIN,475.3,476.65,472.78,476.03,62146
2025-09-23,LIN,477.31,481.09,473.22,478.43,40087
2025-09-24,LIN,478.4,479.71,471.61,472.44,74990
2025-09-25,LIN,471.84,473.12,468.27,472.06,54308
2025-09-26,LIN,470.58,473.01,469.0,472.61,66250
2025-09-29,LIN,473.95,474.81,469.81,474.81,85770
2025-09-30,LIN,472.02,476.9,471.88,473.23,154053
2025-10-01,LIN,472.93,472.93,459.61,464.98,92693
2025-10-02,LIN,462.0,468.56,461.75,467.83,74804
2025-10-03,LIN,467.03,467.03,461.49,464.53,56159
2025-10-06,LIN,465.77,468.56,463.5,466.81,69936
2025-10-07,LIN,466.06,468.65,464.21,468.54,45791
2025-10-08,LIN,468.72,469.94,465.95,466.0,83627
2025-10-09,LIN,466.5,466.5,455.9,456.3,146158
2025-10-10,LIN,456.93,461.29,451.62,451.83,86835
2025-10-13,LIN,453.52,457.87,453.52,454.97,49994
2025-10-14,LIN,453.07,460.07,453.07,457.69,77842
2025-10-15,LIN,457.65,459.5,449.23,449.68,92594
2025-10-16,LIN,450.82,450.82,439.72,442.53,150945
2025-10-17,LIN,442.01,449.61,441.68,449.31,145990
2025-10-20,LIN,450.67,453.47,448.26,449.83,59922
2025-10-21,LIN,448.35,450.67,447.33,448.36,92723
2025-10-22,LIN,447.7,452.99,446.69,448.14,84338
2025-10-23,LIN,450.29,450.99,447.08,448.37,76393
2025-10-24,LIN,448.75,448.75,444.15,444.37,79756
2025-10-27,LIN,446.08,448.07,442.68,443.11,97292
2025-10-28,LIN,442.68,445.49,440.39,440.78,101386
2025-10-29,LIN,436.15,437.55,429.85,430.31,138903
2025-10-30,LIN,430.87,433.4,427.09,428.61,190555
2025-10-31,LIN,422.05,422.05,413.33,417.0,237589
2025-11-03,LIN,420.33,420.33,407.78,410.66,265032
2025-11-04,LIN,413.34,419.66,412.76,416.3,156943
2025-11-05,LIN,416.48,418.2,413.64,416.66,82795
2025-11-06,LIN,415.0,417.89,412.15,413.77,95988
2025-11-07,LIN,414.75,421.26,413.15,418.94,114395
2025-11-10,LIN,418.71,420.52,414.52,419.04,106005
2025-11-11,LIN,424.32,426.66,420.59,425.08,73168
2025-11-12,LIN,426.44,429.98,423.36,427.4,96576
2025-11-13,LIN,424.23,427.33,419.38,427.16,120655
2025-11-14,LIN,427.31,428.33,421.63,421.72,127654
2025-11-17,LIN,419.89,421.73,416.08,416.25,80032
2025-11-18,LIN,415.22,417.39,412.32,413.16,182417
2025-11-19,LIN,412.72,414.05,409.26,411.64,124461
2025-11-20,LIN,413.29,414.22,406.78,406.99,142564
2025-11-21,LIN,405.89,414.76,405.21,411.18,106928
2025-11-24,LIN,409.25,410.79,405.27,406.17,61713
2025-11-25,LIN,410.5,410.89,404.76,406.23,148235
2025-11-26,LIN,405.89,408.94,405.86,406.35,78610
2025-11-28,LIN,406.33,409.83,405.02,408.75,44420
2025-12-01,LIN,407.94,409.93,405.5,405.65,72073
2025-12-02,LIN,406.24,408.67,403.19,407.38,56840
2025-12-03,LIN,407.96,410.89,406.065,409.14,170841
2025-12-04,LIN,408.245,408.73,402.35,403.54,132492
2025-12-05,LIN,404.25,404.565,399.01,399.55,152711
2025-12-08,LIN,399.25,399.25,388.96,389.25,230148
2025-12-09,LIN,391.25,396.82,390.19,390.24,210950
2025-12-10,LIN,390.0,394.28,389.41,392.57,295531
2025-12-11,LIN,395.24,404.29,394.87,403.33,136834
2025-12-12,LIN,407.63,418.02,407.63,416.325,257663
2025-12-15,LIN,417.425,421.395,415.78,416.97,225183
2025-12-16,LIN,418.83,424.43,414.96,423.61,167246
2025-12-17,LIN,422.38,424.23,420.8,422.355,170165
2025-12-18,LIN,421.99,424.4,418.53,419.01,137151
2025-12-19,LIN,418.01,423.33,417.47,421.56,115835
2025-12-22,LIN,421.22,425.05,420.87,423.47,107764
