date,daily_ret,equity
2021-01-04,0.0,1.0
2021-01-05,0.0,1.0
2021-01-06,0.0,1.0
2021-01-07,0.0,1.0
2021-01-08,0.0,1.0
2021-01-11,0.0,1.0
2021-01-12,0.0,1.0
2021-01-13,0.0,1.0
2021-01-14,0.0,1.0
2021-01-15,0.0,1.0
2021-01-19,0.0,1.0
2021-01-20,0.0,1.0
2021-01-21,0.0,1.0
2021-01-22,0.0,1.0
2021-01-25,0.0,1.0
2021-01-26,0.0,1.0
2021-01-27,0.0,1.0
2021-01-28,0.0,1.0
2021-01-29,0.0,1.0
2021-02-01,0.0,1.0
2021-02-02,0.0,1.0
2021-02-03,0.0,1.0
2021-02-04,0.0,1.0
2021-02-05,0.0,1.0
2021-02-08,0.0,1.0
2021-02-09,0.0,1.0
2021-02-10,0.0,1.0
2021-02-11,0.0,1.0
2021-02-12,0.0,1.0
2021-02-16,0.0,1.0
2021-02-17,0.0,1.0
2021-02-18,0.0,1.0
2021-02-19,0.0,1.0
2021-02-22,0.0,1.0
2021-02-23,0.0,1.0
2021-02-24,0.0,1.0
2021-02-25,0.0,1.0
2021-02-26,0.0,1.0
2021-03-01,0.0,1.0
2021-03-02,0.0,1.0
2021-03-03,0.0,1.0
2021-03-04,0.0,1.0
2021-03-05,0.0,1.0
2021-03-08,0.0,1.0
2021-03-09,0.0,1.0
2021-03-10,0.0,1.0
2021-03-11,0.0,1.0
2021-03-12,0.0,1.0
2021-03-15,0.0,1.0
2021-03-16,0.0,1.0
2021-03-17,0.0,1.0
2021-03-18,0.0,1.0
2021-03-19,0.0,1.0
2021-03-22,0.0,1.0
2021-03-23,0.0,1.0
2021-03-24,0.0,1.0
2021-03-25,0.0,1.0
2021-03-26,0.0,1.0
2021-03-29,0.0,1.0
2021-03-30,0.0,1.0
2021-03-31,0.0,1.0
2021-04-01,0.0,1.0
2021-04-05,0.0,1.0
2021-04-06,0.0,1.0
2021-04-07,0.0,1.0
2021-04-08,0.0,1.0
2021-04-09,-0.00025,0.99975
2021-04-12,-0.005121466208323493,0.9946298141582286
2021-04-13,-0.0004708950868943559,0.9941614478654629
2021-04-14,-0.0032081831499702366,0.9909719958600709
2021-04-15,0.00681372376267904,0.9977242052964121
2021-04-16,0.0033738254364961023,1.001090352598849
2021-04-19,-0.004654716130987919,0.9964305611860308
2021-04-20,-0.026945348267010293,0.9695813926909806
2021-04-21,0.022582791295498273,0.9914772469261197
2021-04-22,-0.011824425297985938,0.9797535982851892
2021-04-23,0.021270131263772852,1.000593085926869
2021-04-26,0.01285843555773096,1.013459147641771
2021-04-27,0.010578680464769011,1.0241802081287703
2021-04-28,-0.0003003872513062533,1.0238725574512082
2021-04-29,0.009747551356499311,1.033852807787474
2021-04-30,-0.013090305793294723,1.0203193583882797
2021-05-03,0.01186858459452283,1.0324291050067402
2021-05-04,-0.002964429741684551,1.0293685414616776
2021-05-05,0.01194863587191167,1.0416680913416039
2021-05-06,0.011198701033993825,1.0533334208731895
2021-05-07,0.0321729844687904,1.0872223006634005
2021-05-10,-0.017506050918177012,1.0681893317086095
2021-05-11,-0.027838629984414828,1.0384524041498742
2021-05-12,-0.06119504609633564,0.974904261409072
2021-05-13,0.03243360092252234,1.0065239171612803
2021-05-14,0.0420479089497106,1.0488461431857838
2021-05-17,0.005758454969274419,1.0548858764710163
2021-05-18,-0.02861909583621873,1.0246959964760187
2021-05-19,-0.020394901466772725,1.003797422594494
2021-05-20,0.013165368242181433,1.0170127853035031
2021-05-21,0.0027438687282926115,1.019803334881371
2021-05-24,0.022628321544792267,1.0428797726555181
2021-05-25,-0.015640901988941434,1.0265681923451637
2021-05-26,0.018329982505193874,1.045385169351239
2021-05-27,0.022213704112109593,1.068607046186395
2021-05-28,-0.002197221194313834,1.0662590801361211
2021-06-01,0.022039285736269065,1.0897586686721326
2021-06-02,-0.0001778246511539355,1.089564882717034
2021-06-03,-0.002435941641884409,1.0869107662476885
2021-06-04,0.01777827635797446,1.1062341662264976
2021-06-07,-0.0057134084472237135,1.0999137985965717
2021-06-08,0.013602798804122275,1.1148757047007587
2021-06-09,-0.01988983490126572,1.0927010109988284
2021-06-10,-0.008291802681062145,1.0836405498262291
2021-06-11,0.014140964986087419,1.0989642728988265
2021-06-14,-0.024358839568098145,1.0721947784842123
2021-06-15,0.005211656784630144,1.0777826896759446
2021-06-16,-0.019647980383353275,1.0566064365316739
2021-06-17,-0.046493599654656624,1.0074809998790368
2021-06-18,-0.055664584453690914,0.9513999886757812
2021-06-21,0.07336184187581413,1.0211964442056654
2021-06-22,0.006396310412629811,1.0277283336550787
2021-06-23,-0.0018126815893561646,1.0258653894258023
2021-06-24,0.020660821986661887,1.0470606116190064
2021-06-25,0.016412184707529198,1.064245163776876
2021-06-28,-0.01556281074503856,1.047682517706694
2021-06-29,0.0025919324374278976,1.050398040008464
2021-06-30,0.005573257870071493,1.056252179151649
2021-07-01,0.02505222037760599,1.0827136415180827
2021-07-02,0.005960354291365978,1.0891669984176255
2021-07-06,-0.029853248560217788,1.056651825290278
2021-07-07,0.012214780926058901,1.069558595851319
2021-07-08,-0.04426545273030968,1.022214100384366
2021-07-09,0.0663437931002293,1.0900316611644034
2021-07-12,0.01194613315057292,1.1030533245270138
2021-07-13,-0.0421271067310252,1.0565848793946522
2021-07-14,-0.018488347969354987,1.037050370485245
2021-07-15,-0.01693631010720319,1.0194865638139168
2021-07-16,-0.038884605997704526,0.979844230460059
2021-07-19,-0.06987146710112128,0.9113810765472455
2021-07-20,0.084588941251945,0.9884738368894348
2021-07-21,0.05358272970112468,1.041438963308115
2021-07-22,-0.011408144690287832,1.0295580769285926
2021-07-23,0.03142260999460583,1.061909478846716
2021-07-26,0.018735778633184666,1.0818051797708688
2021-07-27,-0.018281855320160963,1.062027773989697
2021-07-28,0.010790821275484606,1.0734879258884207
2021-07-29,0.03113087862663921,1.1069065482164158
2021-07-30,-0.01021643712942439,1.0955979070584145
2021-08-02,-0.005056254207591342,1.0900582855310221
2021-08-03,0.04732641515893585,1.1416468364995012
2021-08-04,-0.024638288366742214,1.1135186125288474
2021-08-05,0.03572114006033665,1.1532947668467821
2021-08-06,0.0162230830021639,1.1720047635752988
2021-08-09,-0.004376988745386908,1.16687491191559
2021-08-10,0.01579316921758623,1.185303564855229
2021-08-11,0.02592338566871423,1.216030646301473
2021-08-12,0.0010923175185605966,1.2173589378795346
2021-08-13,-0.0049784402234387464,1.2112983891768325
2021-08-16,-0.0074858500144945736,1.202230791112656
2021-08-17,-0.04850810405059649,1.1439128548045323
2021-08-18,-0.040244579677457905,1.0978765627752831
2021-08-19,-0.016153361184660008,1.0801421661206008
2021-08-20,0.03885885206847229,1.1221152507668004
2021-08-23,0.04633667257595202,1.1741103377340638
2021-08-24,0.027623989647049485,1.2065439495481232
2021-08-25,0.03258807167065303,1.2458628902497901
2021-08-26,-0.028899819707275436,1.2098576773415861
2021-08-27,0.060121494448587574,1.2825961289734593
2021-08-30,-0.0013320044106033676,1.280887705272644
2021-08-31,-0.0037898956674604282,1.2760332745079277
2021-09-01,-0.0031498901347038785,1.2720139098850012
2021-09-02,0.039263988413055714,1.3219582493039714
2021-09-03,-0.003369402814338821,1.3175040394583282
2021-09-07,-0.041699946802611756,1.2625641911006897
2021-09-08,-0.01811536512970907,1.239692379779205
2021-09-09,-0.0056551540889233694,1.2326817283486895
2021-09-10,-0.029037965677307927,1.1968871586298557
2021-09-13,0.015493548416913633,1.2154311877716697
2021-09-14,-0.029787536094579042,1.179226487395444
2021-09-15,0.05877366720991763,1.248533952530744
2021-09-16,-0.0003817555321239455,1.2480573177873209
2021-09-17,-0.037028790554514246,1.2018432647669453
2021-09-20,-0.08677121125834236,1.0975578689404368
2021-09-21,0.0004728426727123975,1.098076841136643
2021-09-22,0.06636870604629544,1.1709547802222855
2021-09-23,0.07174135894816938,1.2549606674222873
2021-09-24,0.0033296002768462883,1.2591391848079678
2021-09-27,-0.0016939481617498633,1.2570062683004752
2021-09-28,-0.0944556077685946,1.1382749772592207
2021-09-29,-0.004282551303674207,1.1334002562714196
2021-09-30,-0.06070006391637916,1.0646027882729039
2021-10-01,0.04715369092925893,1.1148027391135518
2021-10-04,-0.05075341768533696,1.058222690058564
2021-10-05,0.05307343624121988,1.1143862045283994
2021-10-06,0.0013984004765603482,1.1159445627278843
2021-10-07,0.05693546622064222,1.1794813866831872
2021-10-08,-0.01341188108877069,1.163662322578574
2021-10-11,-0.02105824685909692,1.1391576341290843
2021-10-12,0.013016798148881119,1.1539858191122996
2021-10-13,0.01779495781074953,1.1745209480776062
2021-10-14,0.08971189078227786,1.2798894430930419
2021-10-15,0.014432159846735036,1.2983610121219091
2021-10-18,0.02434971491364053,1.3299757326220634
2021-10-19,0.023570085721191292,1.3613233746470697
2021-10-20,0.0379209921556241,1.412946107658329
2021-10-21,0.019947040997400193,1.4411302015949068
2021-10-22,0.017933681581937543,1.4669749717484233
2021-10-25,0.016481829454656573,1.4911534030470304
2021-10-26,-0.0022753479164804033,1.4877605102582545
2021-10-27,-0.07357628970209468,1.378296611948157
2021-10-28,0.06965102622326565,1.4742963854103963
2021-10-29,-0.0012375155607545205,1.472471920692287
2021-11-01,0.03973447768531947,1.530979823367294
2021-11-02,0.015893632577803633,1.5553126541639244
2021-11-03,0.03349412552311905,1.6074064914301864
2021-11-04,-0.0020827070131617656,1.604058734657483
2021-11-05,0.03697111872035918,1.663362580570934
2021-11-08,0.025718556618855044,1.7061418652770326
2021-11-09,9.499150910081879e-05,1.7063039342675554
2021-11-10,-0.06552979053421601,1.5944901948672938
2021-11-11,0.03848035057203138,1.655846736549454
2021-11-12,0.031901758328678274,1.7086711589681853
2021-11-15,-0.0015191136691101647,1.7060754932545825
2021-11-16,0.018739837923419458,1.7380470714832912
2021-11-17,-0.03465998782605188,1.6778063811445754
2021-11-18,-0.011379138559295626,1.658714389857861
2021-11-19,-0.037612215643138096,1.5963264665361507
2021-11-22,-0.014202007212936562,1.5736554265442029
2021-11-23,0.01483819324402662,1.597005629862777
2021-11-24,0.021089925527704716,1.630686359663908
2021-11-26,-0.140248801917234,1.4019845514182692
2021-11-29,0.05826642561287888,1.4836731799938871
2021-11-30,-0.14398073846288506,1.2700528199007903
2021-12-01,-0.09842521320660574,1.1450476003184042
2021-12-02,0.1329238123557055,1.2972516926814788
2021-12-03,-0.056794779207080814,1.2235745692196223
2021-12-06,0.051918650187353754,1.287100909257078
2021-12-07,0.13669984458380913,1.4630474035162
2021-12-08,0.023316400758842403,1.4971604031057677
2021-12-09,-0.0697543880103062,1.3927268954338616
2021-12-10,0.03416034307351241,1.4403029239895901
2021-12-13,-0.06754970863883167,1.343010881122436
2021-12-14,-0.044790548097745936,1.2828566876557252
2021-12-15,0.07628105827474918,1.3807143534049435
2021-12-16,-0.04195030266172982,1.3227929683902115
2021-12-17,-0.039015597025360664,1.2711834109875184
2021-12-20,-0.08589865279048556,1.1619904685340765
2021-12-21,0.1443944119468391,1.3297753989258865
2021-12-22,0.05686772299096376,1.4053966979522021
2021-12-23,0.04387833500582487,1.467063165081029
2021-12-27,0.08717707341656622,1.594957438330038
2021-12-28,-0.012433299986543333,1.575126854033512
2021-12-29,0.013470512315526532,1.596344619719287
2021-12-30,-0.014137526466062977,1.5737762554090482
2021-12-31,-0.0017776134643068496,1.5709786895476268
2022-01-03,-0.012906485298054736,1.550702876187423
2022-01-04,0.02193220059927486,1.5847132027378381
2022-01-05,-0.14265996615047244,1.3586380708770514
2022-01-06,0.025919453226270282,1.3938532268065793
2022-01-07,-0.034392044919444364,1.345915764019135
2022-01-10,-0.02042787299257733,1.3184215677330444
2022-01-11,0.07638501137914348,1.4191292141868412
2022-01-12,0.010664025467381872,1.434262844268435
2022-01-13,-0.07494732088334388,1.3267686866479913
2022-01-14,-0.006480987539935919,1.3181699153214486
2022-01-18,-0.1188470055347758,1.1615093680994655
2022-01-19,-0.07689480676198701,1.0721953296872195
2022-01-20,-0.08224428353400262,0.9840133929885905
2022-01-21,-0.1213477024390389,0.864605628580182
2022-01-24,-0.023986380965326896,0.8438668685882917
2022-01-25,0.0019340833502562594,0.8454989774486613
2022-01-26,-0.0385498347142134,0.812905131616979
2022-01-27,-0.059628179721995314,0.7644330783319895
2022-01-28,0.130853103666824,0.8644615191773147
2022-01-31,0.14844580741924068,0.9927872073744547
2022-02-01,0.062121246333450515,1.0544603860404618
2022-02-02,0.03934996440542786,1.0959533646980877
2022-02-03,-0.1235681786257323,0.960528403563602
2022-02-04,0.021778061729171093,0.9814468504290325
2022-02-07,0.011276786476532212,0.9925144169993857
2022-02-08,0.0617328475700669,1.0537851582151025
2022-02-09,0.1298276807794945,1.190595641346022
2022-02-10,-0.10385016249397243,1.0669520905276222
2022-02-11,-0.10545038708270467,0.9544415795827834
2022-02-14,-0.0580281237025612,0.8990571255358858
2022-02-15,0.12352012957813453,1.0101087781802236
2022-02-16,0.012632636996152946,1.0228691157016019
2022-02-17,-0.14565475520643487,0.8738833650458625
2022-02-18,-0.041453505941870486,0.8376578357804321
2022-02-22,-0.0834415109399769,0.7677624003122018
2022-02-23,-0.11761048899373194,0.6774654889804823
2022-02-24,0.10245264351769656,0.7468736192185416
2022-02-25,0.18357112745079202,0.8839780515617428
2022-02-28,-0.025364245225265883,0.861556615488178
2022-03-01,-0.11253862045302188,0.7645982225389638
2022-03-02,0.1622759557119785,0.8886741298371543
2022-03-03,-0.042570795706124036,0.8508425650065393
2022-03-04,-0.05875294811468703,0.8008530559309429
2022-03-07,-0.23311130911954028,0.6141651516504965
2022-03-08,-0.009104688394283605,0.6085733693220907
2022-03-09,0.1601063152324725,0.7060098090328613
2022-03-10,-0.021346550251838785,0.6909389351660502
2022-03-11,-0.08680096853644384,0.6309647663940979
2022-03-14,-0.06040196791707432,0.5928532528175573
2022-03-15,0.13073385034922688,0.6703592412504602
2022-03-16,0.18776256460126733,0.7962276115918062
2022-03-17,0.10283384506882481,0.8781067584417585
2022-03-18,0.0882739352190848,0.9556206975518868
2022-03-21,-0.011355560470044672,0.94476908893441
2022-03-22,0.07133438399247158,1.0121636099086748
2022-03-23,-0.0950580304846827,0.9159493306224896
2022-03-24,0.09458554329476512,1.0025848956898942
2022-03-25,0.03761682572865884,1.0402989569892465
2022-03-28,0.026216561975432928,1.0675720190681333
2022-03-29,0.11275279310948903,1.1879437460636018
2022-03-30,-0.059969848914142365,1.1167029390936674
2022-03-31,-0.09728889563477094,1.0080601433971417
2022-04-01,0.026947736615788035,1.0352250826342813
2022-04-04,0.026405881859712932,1.0625611138645334
2022-04-05,-0.09203736653323129,0.9647657871638249
2022-04-06,-0.054583592242631054,0.9121054048276337
2022-04-07,0.03096487409635932,0.9403486338507302
2022-04-08,0.009432428679905536,0.9492184052737738
2022-04-11,-0.07786774738595559,0.875304906277816
2022-04-12,-0.017322232602272836,0.8601426710933611
2022-04-13,0.09961267587364177,0.9458237841940725
2022-04-14,-0.05715638232222696,0.8917639183752206
2022-04-18,-0.016558955738965313,0.8769972391212391
2022-04-19,0.1348228737861354,0.9952365272020711
2022-04-20,0.03249725461176555,1.0275789820254861
2022-04-21,-0.13674835727251705,0.8870592442657357
2022-04-22,-0.2104832540377067,0.7003481280084547
2022-04-25,0.029986149131538322,0.7213488714189099
2022-04-26,-0.18442099002426265,0.58831699839895
2022-04-27,0.015096972250908496,0.5971988037985168
2022-04-28,0.1481213960819286,0.6856567243556108
2022-04-29,-0.23322345197185154,0.5257454962336829
2022-05-02,0.04210408142083387,0.5478815274137426
2022-05-03,0.054632783329399366,0.577813820191118
2022-05-04,0.22091227092849142,0.705459983383405
2022-05-05,-0.24938244365039836,0.529530648829682
2022-05-06,-0.08394267620653215,0.48508042903353715
2022-05-09,-0.2785079697434414,0.3499816635811292
2022-05-10,0.010360627048256419,0.3536076930712216
2022-05-11,-0.12727780048905266,0.30860128366110845
2022-05-12,0.04158104155408465,0.3214332464606649
2022-05-13,0.22080140239544926,0.3924061580557018
2022-05-16,-0.03933569418950185,0.37697058942434536
2022-05-17,0.16410417125652715,0.43883303558991216
2022-05-18,-0.30422281387406597,0.30533001468185095
2022-05-19,0.007522040837001113,0.30762671952105
2022-05-20,0.0014699350804666834,0.3080789108277629
2022-05-23,0.10639050740113049,0.3408555824703162
2022-05-24,-0.07890150706794968,0.31396156332088443
2022-05-25,0.11181441252032268,0.3490669910775712
2022-05-26,0.17888565638166568,0.41151006889765557
2022-05-27,0.19744708954114984,0.49276153431837566
2022-05-31,-0.0790410094118152,0.4538131652465364
2022-06-01,-0.08146275275158804,0.41684429557064223
2022-06-02,0.15925121341431991,0.48322725544510436
2022-06-03,-0.09899343603948559,0.43539092904066323
2022-06-06,0.03432750049292556,0.4503368113719219
2022-06-07,0.08948512789891325,0.4906352585351271
2022-06-08,-0.10929845242133346,0.4370095840738969
2022-06-09,-0.18233648013854745,0.3573267947270519
2022-06-10,-0.21604411335387322,0.2801284441826645
2022-06-13,-0.3416634670688776,0.18441878871860481
2022-06-14,-0.03859658475589192,0.17730085330924827
2022-06-15,0.0930019872560513,0.193790185009202
2022-06-16,-0.2906392988375479,0.13746714151652883
2022-06-17,0.02901591511649334,0.1414558764260794
2022-06-21,0.15454395700095225,0.16331702731000342
2022-06-22,-0.01921080896836886,0.16017957509706904
2022-06-23,0.07117817822761965,0.1715808654417526
2022-06-24,0.26038478385803315,0.21625791200397762
2022-06-27,-0.003468822872706871,0.2155077516124144
2022-06-28,-0.11834854496541775,0.1900027227803165
2022-06-29,-0.05174684960480511,0.18017068046009996
2022-06-30,-0.06442770624667099,0.16856269678515381
2022-07-01,0.08960347875271864,0.1836665008050433
2022-07-05,-0.010230966767405803,0.1817874149390212
2022-07-06,-0.0032979156023981056,0.1811878953869742
2022-07-07,0.14551246750179997,0.20755299312619083
2022-07-08,-0.020665930186492428,0.20326371746024743
2022-07-11,-0.08190290832911554,0.18661582784246555
2022-07-12,-0.04649449530801507,0.1779392191104427
2022-07-13,-0.034338784491970795,0.17182900261273962
2022-07-14,-0.06906974153863135,0.15996081781343688
2022-07-15,0.15559047844323567,0.18484919798920077
2022-07-18,-0.025052725040812622,0.1802182218579626
2022-07-19,0.2352593213042301,0.22261623841892203
2022-07-20,0.07014907394928405,0.23823256139008245
2022-07-21,0.057731404160610046,0.25198606167591064
2022-07-22,-0.05988396365481717,0.2368961375169899
2022-07-25,0.03195574404429966,0.24446632985256606
2022-07-26,-0.08619597295256834,0.22339431669678061
2022-07-27,0.16268819346728797,0.25973793451103905
2022-07-28,0.12394958082136291,0.29193234261708895
2022-07-29,0.0908642983112308,0.3184585700833446
2022-08-01,-0.01852437245228568,0.3125593249204984
2022-08-02,-0.043416607649057325,0.29898905934337094
2022-08-03,0.097775851632981,0.3282229692496129
2022-08-04,-0.004890550947386003,0.32661777809639536
2022-08-05,0.02298360072853691,0.3341246306990048
2022-08-08,0.027499152206575835,0.3433127747745626
2022-08-09,-0.048071929023190144,0.3268090674328454
2022-08-10,0.20038166634269333,0.39229561294094056
2022-08-11,0.02669041181250844,0.4027661444025747
2022-08-12,0.14005328591052937,0.4591748663796701
2022-08-15,0.014363383566687869,0.46577017110966396
2022-08-16,0.017612782013132596,0.47397367960163794
2022-08-17,-0.07921177938899557,0.43642938105684254
2022-08-18,0.034220076704134975,0.4513640279525458
2022-08-19,-0.12104376689426076,0.39672922576860326
2022-08-22,-0.1607353176349275,0.3329608276496279
2022-08-23,-0.0043635396012909914,0.33150793989250016
2022-08-24,0.049876736448911635,0.34804247404124006
2022-08-25,0.13297163938274653,0.3943222523893307
2022-08-26,-0.261958484663654,0.2910261926842627
2022-08-29,-0.044645586637079085,0.2780331575851182
2022-08-30,-0.09289330665519167,0.25220573821725256
2022-08-31,-0.053899567597747874,0.23861195798167187
2022-09-01,-0.01002314408534188,0.23622031594633602
2022-09-02,-0.055470327687803765,0.22311709761427623
2022-09-06,-0.0254150813986529,0.21744655841697821
2022-09-07,0.1748018966029613,0.2554566292380526
2022-09-08,0.08279632428589466,0.27660749915342797
2022-09-09,0.13510645687588965,0.3139789583093483
2022-09-12,0.07350810930235312,0.3370589578953908
2022-09-13,-0.33242249722359707,0.22501297740022175
2022-09-14,0.01743196330419812,0.22893539536523078
2022-09-15,-0.06670769980825557,0.21366364173572266
2022-09-16,-0.10148994709582412,0.19197893003966304
2022-09-19,0.06769313509948979,0.20497458568709345
2022-09-20,-0.13348758891390033,0.1776130224550977
2022-09-21,-0.12949245695436884,0.1546134757902956
2022-09-22,-0.1313886498706241,0.13429901995440424
2022-09-23,-0.14787919259108742,0.1144389893177726
2022-09-26,-0.11631002056096482,0.10112858811724644
2022-09-27,-0.0031374111071206176,0.10081130616163997
2022-09-28,0.2069185038196361,0.12167103080070978
2022-09-29,-0.16090605944927017,0.10209342468543679
2022-09-30,-0.0869364689635545,0.09321778283888832
2022-10-03,0.2360175339964447,0.11521881406913885
2022-10-04,0.30785693440843437,0.1506897249546393
2022-10-05,-0.028174351556185667,0.14644413966786238
2022-10-06,-0.08230006370185888,0.13439177764443339
2022-10-07,-0.21150375488279724,0.10596741204726175
2022-10-10,-0.062251561910152034,0.09937077513574305
2022-10-11,-0.047766711614481906,0.09462415997692648
2022-10-12,-0.03764644794118964,0.09106189646437632
2022-10-13,0.18254860409330442,0.10768511855003723
2022-10-14,-0.20504351043568214,0.085604983820855
2022-10-17,0.20190314270769782,0.10288889908572725
2022-10-18,0.12861494530114678,0.11612194921373327
2022-10-19,-0.09478494437971,0.10511533671624605
2022-10-20,-0.07777500426163768,0.09693999095517654
2022-10-21,0.20279537282239704,0.11659897256233136
2022-10-24,0.07814144618407988,0.12571018490192978
2022-10-25,0.18112305720144034,0.14847919791272565
2022-10-26,0.007414201628636662,0.14958005262370885
2022-10-27,0.016540823576128946,0.1520542298846657
2022-10-28,0.17049482508220234,0.17797868921186075
2022-10-31,-0.035186674774342244,0.17171621095779926
2022-11-01,0.026736358539790832,0.17630727714106134
2022-11-02,-0.20577426335161572,0.1400277770638303
2022-11-03,-0.031091652695960315,0.13567408205157433
2022-11-04,0.12644573292405478,0.152829490795384
2022-11-07,0.05420702488752009,0.1611139228064764
2022-11-08,0.05314217704246554,0.1696758674162643
2022-11-09,-0.16908085888332652,0.1409869260217489
2022-11-10,0.4811203548199807,0.2088186058943111
2022-11-11,0.08276662987750814,0.22610181815990277
2022-11-14,-0.09225366840338203,0.20524309600197732
2022-11-15,0.10224641357180478,0.22622846647855313
2022-11-16,-0.09383015496623537,0.2050014144110967
2022-11-17,-0.04924179550577423,0.194906776684271
2022-11-18,0.05576510195010018,0.2057757729568348
2022-11-21,-0.023214466705004898,0.20099879812683172
2022-11-22,0.11141292563315236,0.22339266227488944
2022-11-23,0.04578555358760014,0.23362081898455306
2022-11-25,0.017643685613236846,0.23774275126742345
2022-11-28,-0.12894348053648533,0.20708737344668196
2022-11-29,0.02021730940168978,0.2112741229488368
2022-11-30,0.21873063923656622,0.25748624691558075
2022-12-01,0.007394552234673526,0.25939024241810804
2022-12-02,-0.009968606126150466,0.2568044832584752
2022-12-05,-0.17562801510973705,0.21170242159250752
2022-12-06,-0.10072132091826633,0.19037947404811445
2022-12-07,-0.01679706543452896,0.18718165756513705
2022-12-08,0.0648848193889912,0.19932690560918298
2022-12-09,-0.0690421539788708,0.18556494669998191
2022-12-12,0.12241380190562004,0.20828065732594045
2022-12-13,0.05895546305240861,0.2205599399234513
2022-12-14,-0.04808193508843443,0.20995499120894293
2022-12-15,-0.19721396520812556,0.16854893487739017
2022-12-16,-0.09686903765322069,0.15222176175834204
2022-12-19,-0.07976277613421531,0.14008013145245554
2022-12-20,0.014379894948924644,0.1420944690271734
2022-12-21,0.1261742315591028,0.16002312946547573
2022-12-22,-0.1054607675128299,0.14314696741224173
2022-12-23,0.051641452273050927,0.15053928469789296
2022-12-27,-0.011982305568553363,0.14873547698857134
2022-12-28,-0.11671665379515983,0.1313755698138383
2022-12-29,0.15015069660634553,0.1511017031384417
2022-12-30,-0.03314297789074598,0.14609374273207026
2023-01-03,-0.023756855368813223,0.14262301481569586
2023-01-04,0.12617165284209342,0.1606179963283146
2023-01-05,-0.09789236010021975,0.14489472159316746
2023-01-06,0.20391343639188036,0.17444070218827504
2023-01-09,0.016559171697542632,0.17732929572685058
2023-01-10,0.06434909245253637,0.18874027497212084
2023-01-11,0.10704217365140765,0.20894344426070102
2023-01-12,0.04146675734177224,0.21760765136201363
2023-01-13,0.030575808504092916,0.22426118123908395
2023-01-17,-0.008712649743678072,0.2223072721158443
2023-01-18,-0.13379608762050788,0.19256342885715672
2023-01-19,-0.09068887225003787,0.17510006865750077
2023-01-20,0.15922039364578408,0.20297957051655188
2023-01-23,0.10920759874602026,0.22514648200716303
2023-01-24,-0.00942158997902128,0.22302524416847244
2023-01-25,0.015357936978343308,0.22645045181299145
2023-01-26,0.08213264450196758,0.24504942626905785
2023-01-27,0.012842105212355188,0.2481963767834324
2023-01-30,-0.09866796326888436,0.2237073457954945
2023-01-31,0.14099128123802482,0.25524813110155914
2023-02-01,0.10111936036806903,0.28105865885369385
2023-02-02,0.0953744884509298,0.3078644846665693
2023-02-03,-0.09516866616946838,0.27856543229990116
2023-02-06,-0.06532808975556059,0.26036728473581666
2023-02-07,0.087623250002281,0.2831815124186382
2023-02-08,-0.07711518271883086,0.26134391834588006
2023-02-09,-0.06686107895927376,0.2438701819858302
2023-02-10,0.025269702007213374,0.25003270881305706
2023-02-13,0.09902734071405599,0.27479278305834604
2023-02-14,0.0009224768496821803,0.2750462730391771
2023-02-15,0.06263892041601327,0.2922748746467992
2023-02-16,-0.10023292433304748,0.2629793092518756
2023-02-17,-0.03399326635618105,0.2540397835463121
2023-02-21,-0.1832480540927774,0.20748748754930005
2023-02-22,-0.0024296746242735163,0.20698336046594723
2023-02-23,0.031995454107540296,0.2136058870767599
2023-02-24,-0.06567153995849288,0.19957805952822916
2023-02-27,0.009075086286383708,0.20138924763931687
2023-02-28,-0.023094592078357016,0.19673824511611962
2023-03-01,-0.016574260859970984,0.19347745412043216
2023-03-02,0.07174546931234593,0.20735858486766043
2023-03-03,0.12427029223276695,0.2331270968061376
2023-03-06,-0.03741910656347433,0.22440368912791533
2023-03-07,-0.12974400430925004,0.1952886559186915
2023-03-08,0.02733704681495436,0.20062727104797026
2023-03-09,-0.1859312153030646,0.1633243987190838
2023-03-10,-0.183360731224024,0.13337711754322856
2023-03-13,-0.06611912909923638,0.12455833868950382
2023-03-14,0.13503896659477496,0.14137856802689638
2023-03-15,-0.13169410172136908,0.1227598445079408
2023-03-16,0.14134415340405268,0.14011123080192883
2023-03-17,-0.1414829837427028,0.12028787581220947
2023-03-20,0.10743304611294933,0.1332107687211713
2023-03-21,0.1305486522443205,0.15060125504215008
2023-03-22,-0.1906503594875258,0.12188907162909161
2023-03-23,-0.02176401569377493,0.11923627596125641
2023-03-24,0.05138742611461005,0.12536352128239672
2023-03-27,0.05389923540270446,0.13212051922690857
2023-03-28,0.014497759076236457,0.13403597068368756
2023-03-29,0.1381546946767657,0.15255366928919634
2023-03-30,0.04483257613917621,0.15939304328291493
2023-03-31,0.13708354384403065,0.18124320652022188
2023-04-03,0.013016544820519373,0.18360236684130699
2023-04-04,-0.0892356434932979,0.1672184914893304
2023-04-05,-0.02727780010361204,0.1626571389048569
2023-04-06,0.0031679483718998046,0.16317242832322842
2023-04-10,0.06354395328508754,0.17354104948601393
2023-04-11,0.0568465348516657,0.18340625680381528
2023-04-12,-0.04035949431141844,0.17600407302566315
2023-04-13,0.08278503450222592,0.19057457628362495
2023-04-14,-0.037459812147068346,0.1834356884560332
2023-04-17,0.04959638995035466,0.19253343639151038
2023-04-18,0.02137910324933237,0.19664962860707327
2023-04-19,-0.014534901415951417,0.19379134564178602
2023-04-20,-0.05144121197634926,0.18382248395144493
2023-04-21,-0.0054186937195359365,0.18282640621214774
2023-04-24,0.0091176123179233,0.18449334650546928
2023-04-25,-0.16010438905858698,0.15495515197783694
2023-04-26,-0.05812669344196059,0.1459481213615688
2023-04-27,0.1354348611508746,0.16571458491340385
2023-04-28,0.09439222947143537,0.18135675403931353
2023-05-01,0.0004123299987572075,0.1814315328694812
2023-05-02,-0.12812304743100034,0.15818597197816556
2023-05-03,-0.04833754918401859,0.15053964977744919
2023-05-04,-0.06896234767850595,0.14015808211009623
2023-05-05,0.1595619018667278,0.16252197225357617
2023-05-08,0.0013545600579383116,0.16274211802572822
2023-05-09,-0.023795926620608324,0.1588695185271056
2023-05-10,0.0021539137060156937,0.15921170976052923
2023-05-11,-0.03564788929569188,0.15353614835640805
2023-05-12,-0.002783358718822214,0.15310880217922587
2023-05-15,0.06002126832799938,0.1622985866782038
2023-05-16,-0.11821094838049556,0.14311311682615926
2023-05-17,0.12240069953443744,0.1606302624382348
2023-05-18,0.09867207938618311,0.17647998444536372
2023-05-19,-0.03368135221168087,0.17053589993094748
2023-05-22,0.020638586939768964,0.17405551992802407
2023-05-23,-0.09815230715243523,0.15697156907447182
2023-05-24,-0.09146274748829922,0.14261451808937128
2023-05-25,0.02765983543731665,0.1465592121906955
2023-05-26,0.08212054673741513,0.15859473482520026
2023-05-30,0.002878958288699572,0.1590513224515694
2023-05-31,-0.07695692344883856,0.14681122200522742
2023-06-01,0.06996627102135045,0.1570830557530208
2023-06-02,0.19105831673385165,0.18709507997260272
2023-06-05,-0.030097271849370114,0.18146402848898766
2023-06-06,0.06090216264339717,0.19251558026595006
2023-06-07,0.05084077332810197,0.20230322124437924
2023-06-08,0.01458766570234255,0.20525435300639927
2023-06-09,-0.008710897169797146,0.20346640344370728
2023-06-12,0.061002023826280075,0.21587826583442782
2023-06-13,0.08816577379803578,0.2349113401878982
2023-06-14,-0.017681358172087457,0.23075778864335086
2023-06-15,0.11077275566165426,0.25631946478176443
2023-06-16,-0.014250383248024205,0.25266681417469583
2023-06-20,-0.0713669824313017,0.23463474608651735
2023-06-21,-0.009899408891627619,0.2323120007948237
2023-06-22,-0.03038091320927081,0.2252541500612041
2023-06-23,-0.07687906438678782,0.20793682175525763
2023-06-26,0.04533643346079186,0.21736393563881343
2023-06-27,0.12307040760181676,0.24411500379581727
2023-06-28,-0.011727011482920581,0.24125226434315053
2023-06-29,0.06399257355547174,0.25669061761455375
2023-06-30,0.08870207528036578,0.27945960810196346
2023-07-03,0.030533940481522994,0.28799261114273855
2023-07-05,-0.03256572644584081,0.27861392254984074
2023-07-06,-0.08399952442187754,0.2552104855583403
2023-07-07,0.017582175084111952,0.2596976409987283
2023-07-10,0.08574016685677147,0.28196416007026914
2023-07-11,0.10270673299711348,0.3109237777733616
2023-07-12,0.03862347794060295,0.32293273544539997
2023-07-13,0.06920395701117701,0.34528095858666524
2023-07-14,-0.050841426068832185,0.32772638225770584
2023-07-17,0.03114993235497605,0.33793503689597437
2023-07-18,0.0583560992669959,0.35765560745487174
2023-07-19,0.037048333195512866,0.3709061515691034
2023-07-20,-0.022772212059789992,0.3624597980312912
2023-07-21,0.013640767109542795,0.367404027722808
2023-07-24,0.018022563450222774,0.3740255901243097
2023-07-25,0.01864943464629868,0.3810009559233763
2023-07-26,0.011685453307307742,0.38545312480385846
2023-07-27,-0.07225052550148024,0.35760393398059204
2023-07-28,0.06483334626323928,0.3807885936574523
2023-07-31,0.033846867631464606,0.39367709478254764
2023-08-01,-0.027302973456231984,0.3829285395133732
2023-08-02,-0.09132626327483034,0.3479571068983286
2023-08-03,-0.024968727657893153,0.3392690606595558
2023-08-04,-0.04598142608772234,0.32366898542298744
2023-08-07,0.08238131296432391,0.3503332614079637
2023-08-08,-0.04681622585366127,0.3339319803178387
2023-08-09,-0.03005059742751261,0.3238971248091353
2023-08-10,-0.0011633847304990726,0.3235203078398798
2023-08-11,-0.007794032066476626,0.32099878018641936
2023-08-14,0.01041916445840117,0.3243433192681278
2023-08-15,-0.12030705777092891,0.28532252881932235
2023-08-16,-0.06328444148168806,0.2672660519408487
2023-08-17,-0.08396270556515084,0.24482567111417888
2023-08-18,0.013991232629352954,0.24825108403237484
2023-08-21,0.012722801173986982,0.2514095332157455
2023-08-22,-0.028218490285317668,0.24431513574506072
2023-08-23,0.08421973758840463,0.2648912923663852
2023-08-24,-0.09497132734085778,0.23973421472931436
2023-08-25,0.04765166248134743,0.25115794861482654
2023-08-28,0.06548815778606236,0.2676058199829381
2023-08-29,0.11912952001164676,0.29948557286982863
2023-08-30,0.030827788837393774,0.3087180508701056
2023-08-31,-0.024944264039938734,0.30101730629530643
2023-09-01,0.037351928067294884,0.3122608830670596
2023-09-05,-0.09260798054805303,0.2833430332820675
2023-09-06,-0.025994903361539316,0.27597755851373473
2023-09-07,-0.024249754101297965,0.2692851705823001
2023-09-08,0.008741716428223856,0.2716391851818565
2023-09-11,0.027464818524685866,0.27909970610706974
2023-09-12,-0.021397795718448305,0.2731275876107117
2023-09-13,-0.03264204593379387,0.26421214435013657
2023-09-14,0.09819095670063045,0.29015538757580156
2023-09-15,-0.08533791045988963,0.26539413309140325
2023-09-18,-0.010508646971233708,0.2626051998385091
2023-09-19,-0.02279742557399394,0.2566184773398469
2023-09-20,-0.04333869756543886,0.24549696676071184
2023-09-21,-0.16076405291628038,0.20602987940560644
2023-09-22,-0.028308355478031212,0.20019751234029662
2023-09-25,0.030848437287866855,0.2063732927449132
2023-09-26,-0.12316199652581027,0.18095594598084416
2023-09-27,0.014688597294167265,0.18361393499934187
2023-09-28,0.07288810918695712,0.19699720754182073
2023-09-29,-0.026278842703203367,0.19182034891185892
2023-10-02,-0.09096769483852202,0.1743708939482261
2023-10-03,-0.1231801794905254,0.15289185593376026
2023-10-04,0.0648681195048088,0.16280966311578343
2023-10-05,-0.024855924846336648,0.15876287836512012
2023-10-06,0.09417262799363851,0.17371399584859787
2023-10-09,0.07109260946158154,0.18606377711347305
2023-10-10,0.07590232086402474,0.20018644962511228
2023-10-11,0.01965477732282641,0.20412106971554106
2023-10-12,-0.11954019265250002,0.17972039771731088
2023-10-13,-0.02617197598105647,0.17501675978494752
2023-10-16,0.11492340841633507,0.19513028234941665
2023-10-17,0.046288264672381924,0.20416252450440306
2023-10-18,-0.14546204377164124,0.17446462642841482
2023-10-19,-0.10711998187812344,0.15577597880702945
2023-10-20,-0.11474433663020317,0.13790156745589627
2023-10-23,-0.041201636027868124,0.13221979726590594
2023-10-24,0.07109261070218016,0.14161964784005215
2023-10-25,-0.11804732062080843,0.12490182786527153
2023-10-26,-0.026151302229102384,0.1216354824157995
2023-10-27,-0.09386016833037822,0.1102187555613058
2023-10-30,0.071124284502063,0.11805798568931145
2023-10-31,0.08609205834705524,0.12822184068161147
2023-11-01,0.04876847706754095,0.13447502457845054
2023-11-02,0.21011121293617982,0.16272973510225136
2023-11-03,0.15115048738597628,0.18732641387514748
2023-11-06,-0.043535539040588545,0.17917105747055256
2023-11-07,0.003133393057502185,0.17973247081813612
2023-11-08,-0.01660723059141249,0.17674761223049504
2023-11-09,-0.07549066754543238,0.16340481699615375
2023-11-10,0.11262842283604871,0.18180884381824372
2023-11-13,-0.01099276695065494,0.17981026156858174
2023-11-14,0.2594115898935969,0.22645512740127105
2023-11-15,0.03358122600126433,0.23405976821367822
2023-11-16,-0.02797201693517725,0.22751264441336155
2023-11-17,0.04727071877862846,0.2382673306460077
2023-11-20,0.04861689817092567,0.2498511491974829
2023-11-21,-0.021461834715243128,0.24448888512999298
2023-11-22,0.04537648625948224,0.25558293166669027
2023-11-24,0.02806506639118012,0.2627558836123684
2023-11-27,-0.015506772840539354,0.2586813878126762
2023-11-28,-0.001827434908274095,0.2582086644144665
2023-11-29,0.038160483796414735,0.2680620319689486
2023-11-30,0.07099305352892793,0.2870925741535934
2023-12-01,0.1267473983635789,0.3234808110170642
2023-12-04,-0.004991695743744643,0.32186609322952725
2023-12-05,-0.0702167564423011,0.29926570015419457
2023-12-06,-0.004885765494445487,0.29780355812271014
2023-12-07,0.05002615538746964,0.3127015251962982
2023-12-08,0.037230465395260245,0.324343548509164
2023-12-11,0.08099441832610135,0.3506135655584874
2023-12-12,0.02198354712413302,0.3583212953993027
2023-12-13,0.18611045812988372,0.4250086358437603
2023-12-14,0.11356319761009162,0.4732739755420808
2023-12-15,-0.05307286003542903,0.4481559720797249
2023-12-18,0.018952487438433092,0.45664964251102463
2023-12-19,0.07430923525524628,0.4905829282256005
2023-12-20,-0.15442169481154752,0.4148262810033915
2023-12-21,0.11094243349554922,0.4608481180958163
2023-12-22,0.024909217706204752,0.4723274841989597
2023-12-26,0.05354597999898939,0.4976187222208502
2023-12-27,0.01643289899712481,0.5057960404221837
2023-12-28,0.01391583911112226,0.5128346167437415
2023-12-29,-0.03524481231673875,0.49475985692708174
2024-01-02,-0.01842352694519925,0.48564463537158276
2024-01-03,-0.1205378680134585,0.4271060664117187
2024-01-04,-0.004224514061728173,0.425301750828313
2024-01-05,0.02028898114966334,0.4339306900337875
2024-01-08,0.11017354974183158,0.4817383744967323
2024-01-09,-0.041314722937133036,0.46183548702621496
2024-01-10,0.01972784179082008,0.47094650444765446
2024-01-11,-0.02135497422510791,0.4608894539837701
2024-01-12,-0.012994362252915871,0.45490048946015643
2024-01-16,-0.05989168935008431,0.42765573066020746
2024-01-17,-0.06675436188305464,0.39910784525435383
2024-01-18,0.0530092047609213,0.420264234745132
2024-01-19,0.08657614679009959,0.45664909282305544
2024-01-22,0.047573874269977195,0.4783736593505186
2024-01-23,0.009902541709711046,0.4831107744650642
2024-01-24,-0.04173269174546117,0.46294926143540266
2024-01-25,0.08224250865697777,0.5010233700767452
2024-01-26,0.005073822008398225,0.5035654734785624
2024-01-29,0.0629844243206868,0.5352822549333837
2024-01-30,0.004308271981986456,0.5375883964747677
2024-01-31,-0.12048131738343654,0.4728190382574386
2024-02-01,0.10490558766418344,0.5224203973246492
2024-02-02,0.006387238420522528,0.5257572209581058
2024-02-05,-0.08286143353572564,0.48219222393775796
2024-02-06,0.06155990875631887,0.5118759332463728
2024-02-07,0.048734234087396786,0.5368218148009063
2024-02-08,0.04829688751350894,0.5627486376051435
2024-02-09,0.026294840965803257,0.5775460235346932
2024-02-12,0.06261230240721818,0.6137075098143339
2024-02-13,-0.15621435297213587,0.517837588254547
2024-02-14,0.10106946733016332,0.5701751574629704
2024-02-15,0.1150242714050055,0.6357591395233829
2024-02-16,-0.03917191031638433,0.6108552395271513
2024-02-20,-0.0369132768155912,0.5883065709762313
2024-02-21,0.015217192217697517,0.5972589451497111
2024-02-22,0.12137623121078975,0.6697519849689149
2024-02-23,0.021630084355877998,0.6842387769013093
2024-02-26,-0.021615395396323633,0.6694486851930906
2024-02-27,0.04845037025700334,0.70188372185876
2024-02-28,0.0032351723313652552,0.7041544366555532
2024-02-29,0.057926837808540466,0.7449438764998636
2024-03-01,0.0650867182269232,0.7934298286844821
2024-03-04,0.029773325332150644,0.8170528731021377
2024-03-05,-0.06148202806856179,0.766818805424573
2024-03-06,0.06591061833324097,0.8173603070396639
2024-03-07,0.07728973129288462,0.8805338655402292
2024-03-08,-0.01645921775070866,0.8660409669104293
2024-03-11,0.012424742927824337,0.8768013032892559
2024-03-12,0.03617819269688744,0.9085223897965365
2024-03-13,0.011278322411052321,0.9187689982263217
2024-03-14,-0.07884566313345262,0.8463280472947095
2024-03-15,-0.0198973632234914,0.8294883507314583
2024-03-18,0.028751050174210244,0.8533370119222614
2024-03-19,0.05044014387192064,0.8963794535748552
2024-03-20,0.08898235155308062,0.9761414052378111
2024-03-21,0.06960193244663729,1.0440827333835387
2024-03-22,-0.058901415300085455,0.9825847826968666
2024-03-25,-0.01042830267184956,0.9723380911821501
2024-03-26,-0.01296365725251426,0.9597330334345008
2024-03-27,0.131424479565465,1.085865447875415
2024-03-28,0.031351303849720145,1.1199087454716696
2024-04-01,-0.0496038251740342,1.064356987850421
2024-04-02,-0.07926308828976567,0.9799927659506041
2024-04-03,0.013557704289978606,0.9932792180776806
2024-04-04,-0.10309311359893386,0.890878970812938
2024-04-05,0.0670040263696697,0.9505714488654722
2024-04-08,0.029956762185342718,0.9790474916993118
2024-04-09,0.022857295539214253,1.0014258695640095
2024-04-10,-0.141196917730391,0.8600276234460947
2024-04-11,-0.000476533081816239,0.8596177918322468
2024-04-12,-0.14733070524447062,0.7329696963209075
2024-04-15,-0.0976929688760849,0.6613637105911156
2024-04-16,-0.04221078469581636,0.6334470293977278
2024-04-17,-0.028167283438203773,0.6156045473775938
2024-04-18,-0.010820633018455296,0.6089433164859287
2024-04-19,0.005130055760427876,0.6120672296544414
2024-04-22,0.08319280155790726,0.6629868172311814
2024-04-23,0.09550426346544785,0.7263048848981469
2024-04-24,0.016329199602824553,0.7381648623361553
2024-04-25,-0.023337732280964453,0.7209377683997391
2024-04-26,0.02628022606927675,0.7398841759351641
2024-04-29,0.05743479035502154,0.7823792684669982
2024-04-30,-0.1464856273521048,0.6677719504983292
2024-05-01,-0.038209624744133655,0.6422566348551297
2024-05-02,0.0789705356983122,0.6929759853654346
2024-05-03,0.07249393528415876,0.7432125416019925
2024-05-06,0.0826490860624553,0.8046383789155517
2024-05-07,0.020791646227660162,0.8213681354311617
2024-05-08,-0.011234073401886566,0.8121408255077573
2024-05-09,0.08099647483299108,0.877921369441841
2024-05-10,0.01668296612819724,0.8925677019114597
2024-05-13,-0.005683784078467806,0.8874945398183808
2024-05-14,0.04416252220804699,0.9266885371426306
2024-05-15,0.0917015186503228,1.0116672833144558
2024-05-16,-0.0167272031763615,0.9947449191195773
2024-05-17,0.021998162829253317,1.0166274798239423
2024-05-20,0.004070089178877473,1.0207652443285231
2024-05-21,-0.004370383076524039,1.016304109179606
2024-05-22,-0.04023044158813112,0.9754177460794781
2024-05-23,-0.1267250351258305,0.8518078979451978
2024-05-24,0.0683234810810586,0.9100063787451529
2024-05-28,-0.06441010778193257,0.8513927698079314
2024-05-29,-0.10284055345488406,0.763835066153397
2024-05-30,0.03275071514735291,0.7888512108245465
2024-05-31,0.11003894828845417,0.8756555684197532
2024-06-03,-0.05257031121820082,0.8296220826679763
2024-06-04,-0.021129656113499137,0.8120924533570371
2024-06-05,0.07423830199096668,0.8723808181539419
2024-06-06,-0.01878749365947284,0.8559909690642289
2024-06-07,-0.03194977913960542,0.8286422466571299
2024-06-10,0.0382908567227248,0.8603716681982748
2024-06-11,-0.03528991317438118,0.8300092267298602
2024-06-12,0.05892187330122453,0.8789149252260843
2024-06-13,-0.02751998207504587,0.8547272022383721
2024-06-14,-0.055759201771933574,0.8070682957088023
2024-06-17,0.06732876810244184,0.8614072098334133
2024-06-18,0.023762693540020842,0.8818765653738492
2024-06-20,0.0071200507619453,0.8881555712850809
2024-06-21,0.01593462058331326,0.9023079933324646
2024-06-24,0.03946173967051958,0.9379146364679793
2024-06-25,-0.050211005603451285,0.8908209994007267
2024-06-26,-0.032092836670109405,0.8622320265646555
2024-06-27,0.015046966840454772,0.8752060032771519
2024-06-28,0.0014139829828596843,0.8764435296722825
2024-07-01,-0.05729550106809309,0.8262272584818209
2024-07-02,0.03688569747892451,0.8567032271870224
2024-07-03,0.012060070115586494,0.867035128175147
2024-07-05,-0.0013809793534414428,0.8658377705644288
2024-07-08,0.016942040151967205,0.880506828838421
2024-07-09,-0.016166292655178126,0.8662722977585363
2024-07-10,0.08172219398067931,0.9370659705160482
2024-07-11,0.0986441469946863,1.0295020438553517
2024-07-12,0.07873169925940188,1.1105564891591109
2024-07-15,0.017978013073209894,1.1305220882397515
2024-07-16,0.15887953387005208,1.3101389106490813
2024-07-17,-0.06133410762551156,1.22978270969896
2024-07-18,-0.08420906122674843,1.1262238622023237
2024-07-19,-0.051592232805391575,1.0681194585125942
2024-07-22,0.08875729110526029,1.1629228482269895
2024-07-23,-0.03267514252906454,1.124924178410867
2024-07-24,-0.14069931065502037,0.9666481219692928
2024-07-25,-0.00397107218648364,0.9628094924980239
2024-07-26,0.14022330861870588,1.097817825105594
2024-07-29,0.00927638945312214,1.1080016107998527
2024-07-30,0.02286972788884252,1.1333413061392446
2024-07-31,0.06985899635132589,1.212515392309633
2024-08-01,-0.1225410872432335,1.0639324378368546
2024-08-02,-0.19359925545275206,0.8579559100196082
2024-08-05,-0.22761560859765329,0.6626717534105416
2024-08-06,0.11021592918006412,0.7357087364540669
2024-08-07,-0.07259198894078679,0.682302175993753
2024-08-08,0.20824000046292268,0.8243847814385452
2024-08-09,0.02491960682058691,0.8449281260608691
2024-08-12,-0.042554555463166985,0.8089725852580221
2024-08-13,0.12206559467143567,0.9077203049504313
2024-08-14,0.026084705108550384,0.9313979214261068
2024-08-15,0.1409503520113401,1.062678786313747
2024-08-16,0.024628442036208335,1.0888509092055834
2024-08-19,0.07795899792537982,1.1737366349773894
2024-08-20,-0.042973970034919,1.1232965119969844
2024-08-21,0.07382712551742124,1.2062262645814672
2024-08-22,-0.0375930682103128,1.1608805183399853
2024-08-23,0.1298739492000675,1.3116486558062206
2024-08-26,-0.014531041300898056,1.2925890350164329
2024-08-27,0.004147558047767634,1.2979501230710715
2024-08-28,-0.041244994873090524,1.244416176899478
2024-08-29,0.04006193471048095,1.294269896531091
2024-08-30,0.08340264328066563,1.4022154270203775
2024-09-03,-0.15377427467413643,1.1865907667934346
2024-09-04,-0.01907579433922575,1.1639556053612587
2024-09-05,-0.056330842624605526,1.0983890053336263
2024-09-06,-0.11938505433760727,0.9672577742480409
2024-09-09,0.10506112010427603,1.068878959440109
2024-09-10,0.004700011351146323,1.073902702682479
2024-09-11,0.036419797087725095,1.1130140212061346
2024-09-12,0.06189715657528361,1.1819064243472166
2024-09-13,0.09865068836138577,1.2985023066878136
2024-09-16,0.06601122770594445,1.384218038131277
2024-09-17,0.020242733567381075,1.4122383950763315
2024-09-18,-0.013159688706201251,1.3936537774181819
2024-09-19,0.11991396948123491,1.5607723339509136
2024-09-20,-0.032551462350805235,1.5099669120841321
2024-09-23,0.050702689928291675,1.586526296229514
2024-09-24,0.019522958953234318,1.6174999839890298
2024-09-25,-0.06275571441106523,1.5159926169339117
2024-09-26,0.0852420189497114,1.645218888314215
2024-09-27,0.033722269688334125,1.7006994033622882
2024-09-30,0.013306418297892869,1.7233296210224036
2024-10-01,-0.05178880210234646,1.6340804443221626
2024-10-02,-0.0060192227220421755,1.624244550182054
2024-10-03,-0.04089122626646648,1.5578271987684846
2024-10-04,0.08183548338190616,1.6853127406051844
2024-10-07,-0.07661313326197725,1.5561956510210913
2024-10-08,0.036709221639998076,1.6133223820896254
2024-10-09,0.07016506592019839,1.7265212533794756
2024-10-10,-0.03338293069845008,1.6688849140285074
2024-10-11,0.10271116691928554,1.8402980310023669
2024-10-14,0.06757522044822303,1.9646565761377826
2024-10-15,-0.04581857155092895,1.8746388182310105
2024-10-16,0.05842379031234649,1.9841623234587242
2024-10-17,-0.01741548912787852,1.9496071660865828
2024-10-18,0.03461850264117288,2.0170996469150007
2024-10-21,-0.07587477938632621,1.8640526562050883
2024-10-22,-0.03783007380936258,1.7935354066363116
2024-10-23,-0.041145828913602536,1.7197389056443655
2024-10-24,0.009832640708132846,1.7366484804153641
2024-10-25,-0.042534863960519476,1.662780373553654
2024-10-28,0.05397028086855607,1.752521097337067
2024-10-29,-0.02410643478319819,1.7102740617979322
2024-10-30,-0.016964546987066884,1.6812600371157995
2024-10-31,-0.11417776042520339,1.489297531385523
2024-11-01,0.007724819575312739,1.5008020861094349
2024-11-04,0.014459676577785182,1.5225031988818425
2024-11-05,0.12640692847684407,1.7149581518486658
2024-11-06,0.22889129189018598,2.1074971387629127
2024-11-07,0.03355477348036791,2.1782137278646254
2024-11-08,0.05465302525315475,2.297259697740379
2024-11-11,0.05873594271087962,2.4321914117388705
2024-11-12,-0.06299191633712475,2.2789830138147424
2024-11-13,0.0006350378295308066,2.280430254241373
2024-11-14,-0.07048480100083124,2.119694581574895
2024-11-15,-0.07564593866256761,1.9593482952737034
2024-11-18,0.05876290141783359,2.0744852859920724
2024-11-19,-0.007491502006702018,2.058944275309189
2024-11-20,0.034216657740629645,2.129394466884472
2024-11-21,0.12072670727592512,2.386469249363008
2024-11-22,0.08158793068426731,2.5811763370601724
2024-11-25,0.0937446851425588,2.8231479000753015
2024-11-26,-0.007282655472773309,2.8025878865703695
2024-11-27,-0.008811786572784915,2.777892080262439
2024-11-29,0.03354424478093019,2.8710743721777696
2024-12-02,-0.019137563196459043,2.8161290049384835
2024-12-03,-0.03406436092816552,2.720199370093983
2024-12-04,0.011876021583756623,2.7525045165253403
2024-12-05,-0.04936032347878933,2.616640003212821
2024-12-06,-0.0004319260997706119,2.6155098081017294
2024-12-09,-0.044681685349663075,2.49864442182717
2024-12-10,-0.06882334546686633,2.3266793535849004
2024-12-11,0.015822190472113893,2.3634925174848553
2024-12-12,-0.03377359074881314,2.2836688884614396
2024-12-13,-0.03414154297320362,2.2057009089694652
2024-12-16,-0.03152906700866588,2.1361572172094916
2024-12-17,-0.0704415143351817,1.9856830679712272
2024-12-18,-0.29536007295832023,1.3991915721431443
2024-12-19,-0.041582909621283144,1.3410091154558548
2024-12-20,0.13791022128085306,1.5259479793080126
2024-12-23,-0.05334607686377365,1.4445446411137273
2024-12-24,0.14919289403488367,1.6600604366840666
2024-12-26,0.01053903885412691,1.6775558781264788
2024-12-27,-0.07318441397431522,1.5547849342766247
2024-12-30,-0.09756306009910609,1.4030953582926096
2024-12-31,0.008238019426971395,1.4146540851121174
2025-01-02,-0.016356854083456173,1.3915147946633732
2025-01-03,0.1045987168905439,1.537065456719371
2025-01-06,0.010234433224785696,1.55279645049829
2025-01-07,-0.04845183230350995,1.4775606172772615
2025-01-08,0.014202946038361596,1.4985463309928588
2025-01-10,-0.15443417865146847,1.267119559194805
2025-01-13,0.07047844844100162,1.356424179716101
2025-01-14,0.0758155137230598,1.4592621757276572
2025-01-15,0.10447432870452313,1.611717611940706
2025-01-16,0.07553550679311394,1.7334595185660346
2025-01-17,0.05988691096107698,1.83727105440903
2025-01-21,0.11851163057030292,2.055009042866664
2025-01-22,-0.03064895174961798,1.992025169866815
2025-01-23,0.04093058303607595,2.073559921492002
2025-01-24,-0.00640120876097878,2.0602866315561332
2025-01-27,-0.006711873499739647,2.046458248311924
2025-01-28,-0.02977532687459161,1.9855242850332322
2025-01-29,-0.026711326476172116,1.9324882976293412
2025-01-30,0.10150725895178261,2.1286498876780926
2025-01-31,-0.06799249427760434,1.9839176723711167
2025-02-03,-0.06037046815258643,1.864147633713883
2025-02-04,0.014539942548621617,1.8912522332102317
2025-02-05,0.05862921272318841,2.0021348627043194
2025-02-06,-0.013201728095330219,1.9757032226367155
2025-02-07,-0.0467425028845636,1.8833539090535771
2025-02-10,0.03850029152863974,1.955863583603743
2025-02-11,-0.005337954971568222,1.9454232718639362
2025-02-12,-0.04824295220661329,1.8515703099377712
2025-02-13,0.08230436974486671,2.0039626373355066
2025-02-14,-0.009048655975674844,1.9858294688421516
2025-02-18,0.07017293988359893,2.125180960778291
2025-02-19,0.019202062763165703,2.1659888189702405
2025-02-20,-0.03476382182265372,2.090690769597699
2025-02-21,-0.15201471905518724,1.7728749996260313
2025-02-24,0.0012416299666593118,1.775076254352708
2025-02-25,-0.0037988983149037977,1.768332920161222
2025-02-26,-0.0083048368649701,1.7536472037363269
2025-02-27,-0.09820845486558946,1.5814242214780205
2025-02-28,0.11322349289131259,1.7604785955766866
2025-03-03,-0.1183206649120141,1.5521775975846843
2025-03-04,-0.1516097573973433,1.3168523285772793
2025-03-05,0.10556204807443889,1.4558619573934908
2025-03-06,-0.13155084965091138,1.2643420799239382
2025-03-07,0.08699727115472511,1.3743363906834103
2025-03-10,-0.17752601612320712,1.130355926432237
2025-03-11,-0.11051905264256985,1.0054300602940316
2025-03-12,-0.023367858301770968,0.9819353131127395
2025-03-13,-0.11758919337198792,0.866470331700342
2025-03-14,0.2064640003653173,1.045365262581058
2025-03-17,0.1444655712332641,1.1963845523872418
2025-03-18,-0.06644900076248055,1.1168859943534422
2025-03-19,0.08670667846975008,1.2137274691532132
2025-03-20,-0.036574567543885245,1.1693359118528002
2025-03-21,-0.04127223941422317,1.1210748001431623
2025-03-24,0.167474548137534,1.3088262957255146
2025-03-25,-0.022713715221481988,1.279097987970018
2025-03-26,-0.03679768850245638,1.2320301386445787
2025-03-27,-0.03677840245086405,1.1867180383739144
2025-03-28,-0.15783996264645583,0.9994065075251004
2025-03-31,0.06733861537396132,1.066705157937567
2025-04-01,0.018445135358111438,1.0863806789629211
2025-04-02,0.09506089135428306,1.1896529946552075
2025-04-03,-0.4928854562732241,0.6032903355777681
2025-04-04,-0.5648568539184851,0.26251765462388293
2025-04-07,-0.0638032571490347,0.24576817319975386
2025-04-08,-0.19441404543690127,0.1979873884083527
2025-04-09,0.8441067756365803,0.36510988445443454
2025-04-10,-0.34067105701241274,0.24072751419166244
2025-04-11,0.1550256550718646,0.27804645477304646
2025-04-14,0.1256080865858274,0.3129713379390616
2025-04-15,-0.023624412467648577,0.3055775739610374
2025-04-16,-0.13917897984173505,0.26304759895462787
2025-04-17,0.07889729839222431,0.28380134386070927
2025-04-21,-0.2063026332297577,0.22525237930810102
2025-04-22,0.2535505470734529,0.28236524331126694
2025-04-23,0.1149580873867922,0.3148254116268364
2025-04-24,0.1850230913084798,0.3730753825084983
2025-04-25,-0.00481627117287863,0.37127855029841195
2025-04-28,0.02912642946388046,0.38209256880513043
2025-04-29,0.05563965599679188,0.4033520678923784
2025-04-30,0.012336820378191265,0.40832814990313865
2025-05-01,-0.007225167604325112,0.4053779105825245
2025-05-02,0.17558147523686968,0.476554762151044
2025-05-05,-0.03683028253186356,0.45900311561911594
2025-05-06,-0.07287019494332952,0.4255554691043554
2025-05-07,0.06224008039864146,0.452042075715492
2025-05-08,0.09233542957536872,0.49378157496282327
2025-05-09,0.0008266076225616923,0.494189738576568
2025-05-12,0.2961389055235634,0.6405385468796088
2025-05-13,0.03333658371586914,0.6618919137709021
2025-05-14,-0.05983907396015396,0.6222849145891372
2025-05-15,0.08090265493822876,0.6726294163074072
2025-05-16,0.10324442909127612,0.7420746563840639
2025-05-19,0.0032592240682141446,0.7444932439645625
2025-05-20,-0.029523477828707113,0.7225132141827525
2025-05-21,-0.215577228073974,0.5667558182224172
2025-05-22,-0.026075719076134297,0.5519772527216847
2025-05-23,-0.04017761707841828,0.5298001220258356
2025-05-27,0.1825604293336156,0.626520659763874
2025-05-28,-0.08411442804365783,0.5738212328103006
2025-05-29,0.02630379460117621,0.5889149086559364
2025-05-30,-0.0008414015552047385,0.5884193947359101
2025-06-02,0.007576868274345776,0.5928777709798944
2025-06-03,0.08498677387297027,0.6432645400364734
2025-06-04,-0.018581493409293014,0.6313117242253538
2025-06-05,-0.027836025375998635,0.6137385150496514
2025-06-06,0.09405858407871633,0.6714658907697955
2025-06-09,0.00016625928193873991,0.6715775282066412
2025-06-10,0.055318131441096305,0.7087279421848627
2025-06-11,-0.03035156321139787,0.6872169412479548
2025-06-12,0.023181044763732284,0.703147347925419
2025-06-13,-0.1257348707297368,0.6147372070300592
2025-06-16,0.09913267692850736,0.6756777519705031
2025-06-17,-0.09774436634603026,0.609634058250036
2025-06-18,0.0048121468460952735,0.6125677068607163
2025-06-20,0.013775670433702737,0.6210062377087585
2025-06-23,0.08575017038871806,0.6742576284047412
2025-06-24,0.10510914635735794,0.7451282721513002
2025-06-25,-0.06985990817483159,0.6930736794803395
2025-06-26,0.07404318406129134,0.7443910614981387
2025-06-27,0.03860749424673942,0.7731301351222524
2025-06-30,0.057063133507572264,0.8172473632414607
2025-07-01,0.10274411894945384,0.9012147235414688
2025-07-02,0.027275934382265374,0.9257961972051173
2025-07-03,0.05175003450989006,0.973706182359607
2025-07-07,-0.08197196359481494,0.8938895746271791
2025-07-08,0.02694889259084278,0.917978908761881
2025-07-09,0.0321491125955093,0.9474911160599696
2025-07-10,0.051565588949652616,0.9963490534841657
2025-07-11,-0.07651404587025393,0.9201143563030941
2025-07-14,0.015937641583906835,0.93477880913006
2025-07-15,-0.13436264336779769,0.809179457371143
2025-07-16,0.04265009648259198,0.8436910392997538
2025-07-17,0.07562551356169293,0.9074956074341961
2025-07-18,0.002922136034530866,0.910147433049858
2025-07-21,-0.03097328009651168,0.8819571816768836
2025-07-22,0.12071166422608264,0.9884197008532457
2025-07-23,0.07930725893263235,1.066808558002929
2025-07-24,-0.029880327898104676,1.0349319684852971
2025-07-25,0.052021047498838874,1.0887702135759376
2025-07-28,-0.05285017002609746,1.031228522669099
2025-07-29,-0.008073081011680314,1.0229033312640359
2025-07-30,-0.05715154461273736,0.9644428258927817
2025-07-31,-0.09794054279483391,0.8699847720302593
2025-08-01,-0.10612314139509355,0.7776592550565138
2025-08-04,0.126296299753547,0.8758747414392514
2025-08-05,-0.03494562025008638,0.8452667553382727
2025-08-06,-0.01530097024010414,0.8323333538698924
2025-08-07,-0.007594903967293731,0.826011861978475
2025-08-08,0.01842105036379331,0.8412278680890712
2025-08-11,-0.03038770070887159,0.8156648874056185
2025-08-12,0.13222569736633363,0.9235167459600584
2025-08-13,0.12759595849178773,1.0413537503440489
2025-08-14,-0.05704388862465101,0.9819508829905603
2025-08-15,-0.017331127198471054,0.9649325673347999
2025-08-18,0.0009757612942631251,0.9658741111855792
2025-08-19,0.037329085480999426,1.00192930844591
2025-08-20,-0.005046624482599335,0.9968729474680731
2025-08-21,-0.03391279189375007,0.9630662026560791
2025-08-22,0.1924079833708079,1.1483678285617172
2025-08-25,-0.0759192955999541,1.0611845519276626
2025-08-26,0.0073153660455168995,1.0689475053668613
2025-08-27,0.034958940991776405,1.1063167781302878
2025-08-28,-0.0006840807069953836,1.1055599681665436
2025-08-29,-0.013002804572131878,1.0911845879577016
2025-09-02,-0.0697009055628763,1.0151280340407958
2025-09-03,-0.01731927106846369,0.9975467564500466
2025-09-04,0.07308839588714625,1.0704558487014062
2025-09-05,0.01336121897365681,1.0847584436975373
2025-09-08,0.00461482181945522,1.089764410632351
2025-09-09,-0.02416718771548892,1.06342786955494
2025-09-10,-0.018488563491674097,1.0437666158698578
2025-09-11,0.1499902744067081,1.2003214570007388
2025-09-12,-0.07355517360370122,1.1120316038508018
2025-09-15,-0.019143736648482106,1.090743163681893
2025-09-16,-0.019539272554897222,1.0694308357193216
2025-09-17,0.016109057550069698,1.0866583585977434
2025-09-18,0.06784657738221062,1.1603844090123712
2025-09-19,-0.021609851872694787,1.1353086738182292
2025-09-22,0.007647635462298239,1.1439911006927763
2025-09-23,0.007265713049636502,1.1523030117617479
2025-09-24,-0.02073421543838612,1.1284109128655786
2025-09-25,-0.08427653445149948,1.0333123516920146
2025-09-26,0.10210781506507643,1.1388216182030422
2025-09-29,0.03635878188772698,1.1802277850283147
2025-09-30,0.027525617060309978,1.212714283082942
2025-10-01,0.020260377279364,1.2372843319902758
2025-10-02,0.026738509318810538,1.270367470631216
2025-10-03,0.03550733952454745,1.3154748397318592
2025-10-06,-0.005524373855460359,1.3082076649197287
2025-10-07,-0.04797680337390116,1.2454440430076446
2025-10-08,0.03599317887622483,1.2902715332279475
2025-10-09,-0.08018531499539652,1.1868107039064713
2025-10-10,-0.22602128896914242,0.9185662188471554
2025-10-13,0.11033306045321448,1.0199144410014993
2025-10-14,0.0836479392201089,1.105228182172104
2025-10-15,0.01923076391943362,1.1264825644205605
2025-10-16,-0.09729180838246096,1.016885038616772
2025-10-17,0.04924021592540558,1.0669566774895762
2025-10-20,0.10351535692192043,1.1774030787801362
2025-10-21,0.04935991245705598,1.235519591675392
2025-10-22,-0.049946311160724524,1.1738099457044016
2025-10-23,0.0528422464993809,1.2358367001987385
2025-10-24,0.028855403961792373,1.2714972674137814
2025-10-27,0.05051531460472007,1.3357273518962305
2025-10-28,-0.08921585305172954,1.2165592967522805
2025-10-29,-0.1173198644280642,1.0738327249886017
2025-10-30,-0.038245041086780715,1.0327639483010829
2025-10-31,0.026270107006346872,1.0598947677352497
2025-11-03,-0.030386100431125218,1.0276886988764222
2025-11-04,-0.06778422930970304,0.9580276124527924
2025-11-05,0.060939952774357146,1.0164097699121957
2025-11-06,-0.07795596928831967,0.9371745611045724
2025-11-07,0.09447117885269943,1.0257105466828826
2025-11-10,0.05055303064812648,1.0775633233854491
2025-11-11,0.06071947916455911,1.142992407148245
2025-11-12,0.021832222957663766,1.1679464722200221
2025-11-13,-0.12182880661117919,1.02565694732372
2025-11-14,-0.030535095235297034,0.9943384147584462
2025-11-17,-0.13528502433564427,0.8598193181199839
2025-11-18,-0.0011652062943347669,0.8588174512385198
2025-11-19,-0.030709214811876894,0.8324438416442475
2025-11-20,-0.12077694616047288,0.731903816600363
2025-11-21,0.1942553339419778,0.8740800369074745
2025-11-24,0.04544324607653462,0.9138010711152473
2025-11-25,0.14271953272173257,1.0442183329854342
2025-11-26,0.0646816060216665,1.1117600518001993
2025-11-28,0.05277286368410916,1.1704308134632895
2025-12-01,-0.06131783090869836,1.0986625347530172
2025-12-02,-0.004067454256245176,1.094193775149859
2025-12-03,0.07965318718605513,1.1813497967396869
2025-12-04,0.004691888920597086,1.1868925587623596
2025-12-05,0.018310445510637464,1.208625090286559
2025-12-08,-0.05944818961607154,1.136774516744462
2025-12-09,-0.020955305604734163,1.112953059342408
2025-12-10,0.12892374853786998,1.2564391396995218
2025-12-11,0.08180333232514136,1.3592200481906767
2025-12-12,-0.058575583878004045,1.279602940249219
2025-12-15,0.004917416553514978,1.2858952809295272
2025-12-16,-0.06664186811339573,1.2002008172101837
2025-12-17,-0.0283259608024237,1.1662039759068512
2025-12-18,0.019247308612356222,1.1886502637360872
2025-12-19,0.032860645356528495,1.227710078505663
2025-12-22,0.07405971518889586,1.3186339372543292
